BU,Campaign_ID,Campaign_Name,Channel,Segments_Used,Attributes_Used,Impressions,Clicks,CTR
Cinema,C0001,Cinema_NOT_Campaign_001,notification,Action_Thriller_Lovers,"user_viewed_movie_details,user_app_session_duration,user_completed_booking,user_create_transaction",93696,18806,20.07
Cinema,C0002,Cinema_NOT_Campaign_002,notification,"Subscription_Holders,Frequent_Cinema_Goers,Premium_Seat_Bookers","user_viewed_movie_details,user_app_session_duration",71237,1581,2.22
Cinema,C0003,Cinema_PRO_Campaign_003,promotion,"Family_Movie_Fans,Action_Thriller_Lovers,Inactive_Users_Reactivation","user_viewed_movie_details,user_location_hcmc,user_total_spend,user_watched_trailer,user_login_app",25926,5978,23.06
Cinema,C0004,Cinema_JOU_Campaign_004,journey,"High_Value_Customers,Recent_Bookers","user_app_session_duration,user_has_subscription,user_create_transaction",17156,3283,19.14
Cinema,C0005,Cinema_NOT_Campaign_005,notification,"Early_Bird_Ticket_Users,Weekend_Visitors","user_app_session_duration,user_login_app,user_location_hcmc,user_last_login_days",21361,3313,15.51
Cinema,C0006,Cinema_NOT_Campaign_006,notification,"High_Value_Customers,Family_Movie_Fans,Trailer_Viewers","user_total_spend,user_viewed_movie_details,user_create_transaction,user_login_app",91673,8383,9.14
Cinema,C0007,Cinema_ADV_Campaign_007,advertising,Early_Bird_Ticket_Users,"user_create_transaction,user_age_group,user_watched_trailer",64429,11059,17.16
Cinema,C0008,Cinema_ADV_Campaign_008,advertising,Weekend_Visitors,"user_viewed_movie_details,user_movie_genre_pref,user_watched_trailer,user_create_transaction",84840,6455,7.61
Cinema,C0009,Cinema_PRO_Campaign_009,promotion,New_Users,"user_watched_trailer,user_movie_genre_pref,user_last_login_days,user_viewed_movie_details,user_has_subscription",12331,1061,8.6
Cinema,C0010,Cinema_NOT_Campaign_010,notification,"Subscription_Holders,High_Value_Customers","user_viewed_movie_details,user_total_spend",99098,11301,11.4
Cinema,C0011,Cinema_PRO_Campaign_011,promotion,"New_Users,Subscription_Holders,Family_Movie_Fans","user_completed_booking,user_watched_trailer,user_app_session_duration,user_viewed_movie_details,user_last_login_days",75644,9365,12.38
Cinema,C0012,Cinema_JOU_Campaign_012,journey,"Subscription_Holders,Weekend_Visitors,Movie_Pref_Drama","user_last_login_days,user_location_hcmc,user_create_transaction",11175,560,5.01
Cinema,C0013,Cinema_PRO_Campaign_013,promotion,"Recent_Bookers,Premium_Seat_Bookers,Family_Movie_Fans","user_total_spend,user_create_transaction,user_age_group,user_movie_genre_pref,user_location_hcmc",74352,8981,12.08
Cinema,C0014,Cinema_NOT_Campaign_014,notification,"Action_Thriller_Lovers,App_Login_Users,Family_Movie_Fans","user_app_session_duration,user_movie_genre_pref,user_has_subscription,user_create_transaction",43469,7557,17.38
Cinema,C0015,Cinema_PRO_Campaign_015,promotion,"Frequent_Cinema_Goers,Action_Thriller_Lovers","user_last_login_days,user_completed_booking,user_app_session_duration,user_create_transaction",86959,10648,12.24
Cinema,C0016,Cinema_PRO_Campaign_016,promotion,Weekend_Visitors,"user_last_login_days,user_app_session_duration,user_login_app",83504,11456,13.72
Cinema,C0017,Cinema_JOU_Campaign_017,journey,App_Login_Users,"user_app_session_duration,user_watched_trailer,user_viewed_movie_details,user_login_app",36571,1655,4.53
Cinema,C0018,Cinema_NOT_Campaign_018,notification,"New_Users,App_Login_Users,Inactive_Users_Reactivation","user_completed_booking,user_movie_genre_pref,user_location_hcmc",77063,6180,8.02
Cinema,C0019,Cinema_ADV_Campaign_019,advertising,"Early_Bird_Ticket_Users,Trailer_Viewers,Subscription_Holders","user_last_login_days,user_ticket_booking_history,user_viewed_movie_details",98447,11198,11.37
Cinema,C0020,Cinema_JOU_Campaign_020,journey,"Family_Movie_Fans,Weekend_Visitors,New_Users","user_create_transaction,user_viewed_movie_details,user_ticket_booking_history,user_app_session_duration,user_has_subscription",7757,1281,16.51
Cinema,C0021,Cinema_PRO_Campaign_021,promotion,"Movie_Pref_Drama,Frequent_Cinema_Goers,App_Login_Users","user_viewed_movie_details,user_create_transaction",9117,1444,15.84
Cinema,C0022,Cinema_NOT_Campaign_022,notification,"Movie_Pref_Drama,High_Value_Customers,Family_Movie_Fans","user_viewed_movie_details,user_last_login_days,user_completed_booking,user_total_spend,user_location_hcmc",36850,8117,22.03
Cinema,C0023,Cinema_JOU_Campaign_023,journey,App_Login_Users,"user_movie_genre_pref,user_age_group",51438,7453,14.49
Cinema,C0024,Cinema_JOU_Campaign_024,journey,"Early_Bird_Ticket_Users,Action_Thriller_Lovers","user_movie_genre_pref,user_app_session_duration",89696,4120,4.59
Cinema,C0025,Cinema_NOT_Campaign_025,notification,"Action_Thriller_Lovers,Weekend_Visitors","user_viewed_movie_details,user_app_session_duration",29931,4692,15.68
Cinema,C0026,Cinema_JOU_Campaign_026,journey,Subscription_Holders,"user_watched_trailer,user_location_hcmc,user_viewed_movie_details",14880,1963,13.19
Cinema,C0027,Cinema_NOT_Campaign_027,notification,Family_Movie_Fans,"user_create_transaction,user_viewed_movie_details",26798,3596,13.42
Cinema,C0028,Cinema_JOU_Campaign_028,journey,"Movie_Pref_Drama,Subscription_Holders","user_completed_booking,user_age_group",5282,851,16.11
Cinema,C0029,Cinema_ADV_Campaign_029,advertising,"High_Value_Customers,Subscription_Holders","user_completed_booking,user_viewed_movie_details,user_watched_trailer,user_ticket_booking_history,user_login_app",80914,18575,22.96
Cinema,C0030,Cinema_NOT_Campaign_030,notification,"Weekend_Visitors,Frequent_Cinema_Goers,Premium_Seat_Bookers","user_last_login_days,user_app_session_duration,user_completed_booking,user_login_app,user_ticket_booking_history",15500,3642,23.5
Cinema,C0031,Cinema_PRO_Campaign_031,promotion,Trailer_Viewers,"user_movie_genre_pref,user_viewed_movie_details",57923,2543,4.39
Cinema,C0032,Cinema_PRO_Campaign_032,promotion,"Trailer_Viewers,Frequent_Cinema_Goers,Early_Bird_Ticket_Users","user_age_group,user_movie_genre_pref",81503,19336,23.72
Cinema,C0033,Cinema_ADV_Campaign_033,advertising,"Movie_Pref_Drama,Family_Movie_Fans","user_viewed_movie_details,user_watched_trailer,user_age_group,user_completed_booking",93039,22081,23.73
Cinema,C0034,Cinema_ADV_Campaign_034,advertising,"Weekend_Visitors,Premium_Seat_Bookers","user_login_app,user_location_hcmc",86416,19312,22.35
Cinema,C0035,Cinema_NOT_Campaign_035,notification,Inactive_Users_Reactivation,"user_last_login_days,user_watched_trailer,user_completed_booking",50745,1634,3.22
Cinema,C0036,Cinema_PRO_Campaign_036,promotion,"High_Value_Customers,Recent_Bookers","user_last_login_days,user_ticket_booking_history,user_watched_trailer,user_total_spend,user_app_session_duration",6025,1427,23.68
Cinema,C0037,Cinema_ADV_Campaign_037,advertising,"App_Login_Users,Recent_Bookers,High_Value_Customers","user_create_transaction,user_ticket_booking_history",77512,5868,7.57
Cinema,C0038,Cinema_ADV_Campaign_038,advertising,"Trailer_Viewers,Movie_Pref_Drama","user_viewed_movie_details,user_movie_genre_pref,user_ticket_booking_history,user_watched_trailer",71244,16720,23.47
Cinema,C0039,Cinema_ADV_Campaign_039,advertising,App_Login_Users,"user_watched_trailer,user_login_app,user_ticket_booking_history,user_has_subscription,user_completed_booking",88507,9468,10.7
Cinema,C0040,Cinema_PRO_Campaign_040,promotion,"New_Users,Inactive_Users_Reactivation,Action_Thriller_Lovers","user_last_login_days,user_login_app,user_create_transaction,user_movie_genre_pref,user_completed_booking",76511,1945,2.54
Cinema,C0041,Cinema_ADV_Campaign_041,advertising,"Inactive_Users_Reactivation,Recent_Bookers,Subscription_Holders","user_login_app,user_watched_trailer,user_has_subscription",10229,1567,15.32
Cinema,C0042,Cinema_PRO_Campaign_042,promotion,"Movie_Pref_Drama,Family_Movie_Fans,App_Login_Users","user_app_session_duration,user_last_login_days,user_age_group,user_total_spend",25257,2191,8.67
Cinema,C0043,Cinema_PRO_Campaign_043,promotion,Subscription_Holders,"user_completed_booking,user_ticket_booking_history",48540,7230,14.89
Cinema,C0044,Cinema_PRO_Campaign_044,promotion,"Recent_Bookers,Premium_Seat_Bookers","user_age_group,user_login_app",66694,4310,6.46
Cinema,C0045,Cinema_PRO_Campaign_045,promotion,"Weekend_Visitors,High_Value_Customers","user_viewed_movie_details,user_login_app,user_movie_genre_pref",30313,3567,11.77
Cinema,C0046,Cinema_ADV_Campaign_046,advertising,"Early_Bird_Ticket_Users,App_Login_Users","user_has_subscription,user_movie_genre_pref,user_last_login_days,user_age_group",94065,18510,19.68
Cinema,C0047,Cinema_ADV_Campaign_047,advertising,App_Login_Users,"user_completed_booking,user_total_spend,user_watched_trailer,user_login_app",19208,3751,19.53
Cinema,C0048,Cinema_ADV_Campaign_048,advertising,"Premium_Seat_Bookers,Weekend_Visitors,Subscription_Holders","user_age_group,user_total_spend",29914,2385,7.97
Cinema,C0049,Cinema_NOT_Campaign_049,notification,"Subscription_Holders,Frequent_Cinema_Goers,Inactive_Users_Reactivation","user_has_subscription,user_age_group,user_create_transaction",92062,11739,12.75
Cinema,C0050,Cinema_ADV_Campaign_050,advertising,"Early_Bird_Ticket_Users,App_Login_Users,Action_Thriller_Lovers","user_last_login_days,user_watched_trailer,user_movie_genre_pref,user_age_group",47753,7069,14.8
Cinema,C0051,Cinema_ADV_Campaign_051,advertising,"Recent_Bookers,Movie_Pref_Drama,Subscription_Holders","user_movie_genre_pref,user_ticket_booking_history,user_completed_booking,user_total_spend,user_watched_trailer",58225,9559,16.42
Cinema,C0052,Cinema_NOT_Campaign_052,notification,"High_Value_Customers,Movie_Pref_Drama","user_app_session_duration,user_total_spend,user_ticket_booking_history,user_has_subscription,user_location_hcmc",62905,7873,12.52
Cinema,C0053,Cinema_PRO_Campaign_053,promotion,"New_Users,Premium_Seat_Bookers,Action_Thriller_Lovers","user_movie_genre_pref,user_create_transaction,user_watched_trailer",72561,11708,16.14
Cinema,C0054,Cinema_NOT_Campaign_054,notification,Family_Movie_Fans,"user_viewed_movie_details,user_app_session_duration,user_completed_booking,user_login_app",11057,1112,10.06
Cinema,C0055,Cinema_JOU_Campaign_055,journey,"Early_Bird_Ticket_Users,Premium_Seat_Bookers,App_Login_Users","user_age_group,user_movie_genre_pref,user_total_spend,user_viewed_movie_details,user_app_session_duration",69799,13792,19.76
Cinema,C0056,Cinema_PRO_Campaign_056,promotion,Family_Movie_Fans,"user_app_session_duration,user_create_transaction",60724,4192,6.9
Cinema,C0057,Cinema_PRO_Campaign_057,promotion,"Inactive_Users_Reactivation,New_Users,Frequent_Cinema_Goers","user_create_transaction,user_location_hcmc,user_completed_booking",65901,11596,17.6
Cinema,C0058,Cinema_ADV_Campaign_058,advertising,"Trailer_Viewers,Action_Thriller_Lovers","user_last_login_days,user_location_hcmc,user_completed_booking,user_ticket_booking_history,user_total_spend",38972,4439,11.39
Cinema,C0059,Cinema_ADV_Campaign_059,advertising,"New_Users,Family_Movie_Fans,Movie_Pref_Drama","user_location_hcmc,user_create_transaction,user_watched_trailer,user_viewed_movie_details",40614,5908,14.55
Cinema,C0060,Cinema_ADV_Campaign_060,advertising,"App_Login_Users,Recent_Bookers,Premium_Seat_Bookers","user_age_group,user_ticket_booking_history,user_completed_booking",97591,7985,8.18
Cinema,C0061,Cinema_NOT_Campaign_061,notification,"Subscription_Holders,Weekend_Visitors","user_age_group,user_login_app,user_viewed_movie_details,user_app_session_duration,user_total_spend",81556,1455,1.78
Cinema,C0062,Cinema_JOU_Campaign_062,journey,"Frequent_Cinema_Goers,Weekend_Visitors","user_app_session_duration,user_age_group,user_ticket_booking_history,user_last_login_days",76582,7991,10.43
Cinema,C0063,Cinema_JOU_Campaign_063,journey,High_Value_Customers,"user_location_hcmc,user_login_app,user_age_group,user_has_subscription,user_movie_genre_pref",99919,6407,6.41
Cinema,C0064,Cinema_JOU_Campaign_064,journey,Trailer_Viewers,"user_age_group,user_total_spend",78975,1677,2.12
Cinema,C0065,Cinema_NOT_Campaign_065,notification,"Subscription_Holders,Recent_Bookers,New_Users","user_login_app,user_watched_trailer,user_age_group",47906,3946,8.24
Cinema,C0066,Cinema_JOU_Campaign_066,journey,"Weekend_Visitors,Premium_Seat_Bookers","user_watched_trailer,user_age_group,user_app_session_duration,user_create_transaction,user_location_hcmc",7540,1609,21.34
Cinema,C0067,Cinema_NOT_Campaign_067,notification,"Movie_Pref_Drama,Family_Movie_Fans","user_app_session_duration,user_movie_genre_pref",10276,229,2.23
Cinema,C0068,Cinema_PRO_Campaign_068,promotion,Early_Bird_Ticket_Users,"user_total_spend,user_completed_booking",36266,2430,6.7
Cinema,C0069,Cinema_JOU_Campaign_069,journey,"App_Login_Users,Trailer_Viewers,Movie_Pref_Drama","user_ticket_booking_history,user_watched_trailer,user_has_subscription,user_completed_booking,user_create_transaction",26465,2812,10.63
Cinema,C0070,Cinema_NOT_Campaign_070,notification,"Frequent_Cinema_Goers,High_Value_Customers,Trailer_Viewers","user_age_group,user_ticket_booking_history,user_viewed_movie_details,user_create_transaction,user_movie_genre_pref",18356,2653,14.45
Cinema,C0071,Cinema_NOT_Campaign_071,notification,"Premium_Seat_Bookers,Frequent_Cinema_Goers,Weekend_Visitors","user_movie_genre_pref,user_has_subscription,user_create_transaction,user_last_login_days,user_ticket_booking_history",6658,926,13.91
Cinema,C0072,Cinema_JOU_Campaign_072,journey,Subscription_Holders,"user_movie_genre_pref,user_location_hcmc,user_completed_booking,user_age_group",28086,6291,22.4
Cinema,C0073,Cinema_ADV_Campaign_073,advertising,"Premium_Seat_Bookers,Inactive_Users_Reactivation,New_Users","user_age_group,user_ticket_booking_history,user_total_spend,user_watched_trailer,user_has_subscription",37177,1790,4.81
Cinema,C0074,Cinema_ADV_Campaign_074,advertising,"Movie_Pref_Drama,Premium_Seat_Bookers","user_total_spend,user_app_session_duration,user_movie_genre_pref,user_age_group,user_has_subscription",8761,2111,24.1
Cinema,C0075,Cinema_ADV_Campaign_075,advertising,New_Users,"user_has_subscription,user_watched_trailer,user_app_session_duration",41655,10183,24.45
Cinema,C0076,Cinema_ADV_Campaign_076,advertising,"Frequent_Cinema_Goers,Inactive_Users_Reactivation,Movie_Pref_Drama","user_viewed_movie_details,user_ticket_booking_history",58271,8586,14.73
Cinema,C0077,Cinema_PRO_Campaign_077,promotion,"New_Users,Family_Movie_Fans,Action_Thriller_Lovers","user_location_hcmc,user_login_app,user_create_transaction,user_watched_trailer,user_viewed_movie_details",58005,11914,20.54
Cinema,C0078,Cinema_PRO_Campaign_078,promotion,"Family_Movie_Fans,Trailer_Viewers","user_location_hcmc,user_last_login_days,user_ticket_booking_history,user_has_subscription",60771,12828,21.11
Cinema,C0079,Cinema_ADV_Campaign_079,advertising,"Action_Thriller_Lovers,New_Users","user_watched_trailer,user_app_session_duration,user_viewed_movie_details,user_create_transaction",99540,7305,7.34
Cinema,C0080,Cinema_ADV_Campaign_080,advertising,Action_Thriller_Lovers,"user_viewed_movie_details,user_app_session_duration,user_location_hcmc",41241,10071,24.42
Cinema,C0081,Cinema_ADV_Campaign_081,advertising,Early_Bird_Ticket_Users,"user_watched_trailer,user_viewed_movie_details,user_has_subscription",28519,2761,9.68
Cinema,C0082,Cinema_NOT_Campaign_082,notification,"Inactive_Users_Reactivation,Recent_Bookers,High_Value_Customers","user_login_app,user_last_login_days",43290,2500,5.78
Cinema,C0083,Cinema_JOU_Campaign_083,journey,Early_Bird_Ticket_Users,"user_total_spend,user_watched_trailer",66524,8508,12.79
Cinema,C0084,Cinema_JOU_Campaign_084,journey,"Recent_Bookers,Frequent_Cinema_Goers","user_location_hcmc,user_create_transaction,user_ticket_booking_history,user_age_group",69454,3121,4.49
Cinema,C0085,Cinema_NOT_Campaign_085,notification,Recent_Bookers,"user_create_transaction,user_viewed_movie_details,user_app_session_duration,user_last_login_days",59548,10528,17.68
Cinema,C0086,Cinema_PRO_Campaign_086,promotion,"Subscription_Holders,New_Users,Premium_Seat_Bookers","user_total_spend,user_age_group,user_watched_trailer,user_app_session_duration",86399,2836,3.28
Cinema,C0087,Cinema_NOT_Campaign_087,notification,Family_Movie_Fans,"user_watched_trailer,user_movie_genre_pref,user_create_transaction",25585,2219,8.67
Cinema,C0088,Cinema_PRO_Campaign_088,promotion,"App_Login_Users,Recent_Bookers,Frequent_Cinema_Goers","user_location_hcmc,user_ticket_booking_history,user_total_spend,user_app_session_duration,user_watched_trailer",9278,1040,11.21
Cinema,C0089,Cinema_ADV_Campaign_089,advertising,"High_Value_Customers,Action_Thriller_Lovers,New_Users","user_movie_genre_pref,user_viewed_movie_details",39675,3637,9.17
Cinema,C0090,Cinema_JOU_Campaign_090,journey,Inactive_Users_Reactivation,"user_movie_genre_pref,user_completed_booking,user_watched_trailer",23643,820,3.47
Cinema,C0091,Cinema_NOT_Campaign_091,notification,Premium_Seat_Bookers,"user_total_spend,user_ticket_booking_history,user_app_session_duration,user_watched_trailer",62560,2662,4.26
Cinema,C0092,Cinema_JOU_Campaign_092,journey,"High_Value_Customers,Action_Thriller_Lovers,Subscription_Holders","user_last_login_days,user_app_session_duration,user_location_hcmc,user_movie_genre_pref",15543,2604,16.75
Cinema,C0093,Cinema_NOT_Campaign_093,notification,"Action_Thriller_Lovers,Weekend_Visitors","user_login_app,user_create_transaction,user_viewed_movie_details,user_total_spend",81955,1498,1.83
Cinema,C0094,Cinema_ADV_Campaign_094,advertising,"Frequent_Cinema_Goers,Premium_Seat_Bookers,Recent_Bookers","user_last_login_days,user_movie_genre_pref,user_location_hcmc,user_watched_trailer,user_completed_booking",81720,15100,18.48
Cinema,C0095,Cinema_JOU_Campaign_095,journey,New_Users,"user_age_group,user_has_subscription,user_ticket_booking_history,user_create_transaction",26079,2961,11.35
Cinema,C0096,Cinema_JOU_Campaign_096,journey,"New_Users,High_Value_Customers,Family_Movie_Fans","user_app_session_duration,user_last_login_days,user_login_app,user_location_hcmc,user_create_transaction",46224,4597,9.95
Cinema,C0097,Cinema_ADV_Campaign_097,advertising,Premium_Seat_Bookers,"user_last_login_days,user_login_app,user_movie_genre_pref,user_app_session_duration,user_location_hcmc",59165,1479,2.5
Cinema,C0098,Cinema_PRO_Campaign_098,promotion,"Weekend_Visitors,Trailer_Viewers,New_Users","user_app_session_duration,user_login_app,user_viewed_movie_details,user_watched_trailer,user_last_login_days",22172,2580,11.64
Cinema,C0099,Cinema_JOU_Campaign_099,journey,"New_Users,App_Login_Users,Frequent_Cinema_Goers","user_ticket_booking_history,user_completed_booking,user_watched_trailer",77199,1219,1.58
Cinema,C0100,Cinema_JOU_Campaign_100,journey,Movie_Pref_Drama,"user_location_hcmc,user_create_transaction",89896,5943,6.61
Cinema,C0101,Cinema_JOU_Campaign_101,journey,"High_Value_Customers,Inactive_Users_Reactivation,Action_Thriller_Lovers","user_age_group,user_location_hcmc,user_ticket_booking_history,user_viewed_movie_details",64871,9679,14.92
Cinema,C0102,Cinema_PRO_Campaign_102,promotion,"Movie_Pref_Drama,Trailer_Viewers","user_create_transaction,user_watched_trailer,user_age_group",49548,8813,17.79
Cinema,C0103,Cinema_ADV_Campaign_103,advertising,High_Value_Customers,"user_total_spend,user_app_session_duration,user_movie_genre_pref,user_location_hcmc",24476,3902,15.94
Cinema,C0104,Cinema_JOU_Campaign_104,journey,"Weekend_Visitors,Inactive_Users_Reactivation","user_location_hcmc,user_has_subscription,user_viewed_movie_details,user_movie_genre_pref,user_age_group",35613,7086,19.9
Cinema,C0105,Cinema_NOT_Campaign_105,notification,"Action_Thriller_Lovers,New_Users","user_age_group,user_movie_genre_pref,user_ticket_booking_history,user_completed_booking,user_location_hcmc",9852,615,6.24
Cinema,C0106,Cinema_ADV_Campaign_106,advertising,Early_Bird_Ticket_Users,"user_create_transaction,user_last_login_days,user_location_hcmc,user_login_app,user_completed_booking",58736,11314,19.26
Cinema,C0107,Cinema_PRO_Campaign_107,promotion,New_Users,"user_has_subscription,user_total_spend,user_age_group,user_create_transaction",48065,11528,23.98
Cinema,C0108,Cinema_JOU_Campaign_108,journey,"Family_Movie_Fans,Action_Thriller_Lovers","user_last_login_days,user_login_app,user_total_spend,user_create_transaction,user_viewed_movie_details",87727,10293,11.73
Cinema,C0109,Cinema_PRO_Campaign_109,promotion,"App_Login_Users,Subscription_Holders,Early_Bird_Ticket_Users","user_location_hcmc,user_completed_booking",95964,10771,11.22
Cinema,C0110,Cinema_NOT_Campaign_110,notification,Weekend_Visitors,"user_watched_trailer,user_has_subscription",54131,7597,14.03
Cinema,C0111,Cinema_PRO_Campaign_111,promotion,Inactive_Users_Reactivation,"user_total_spend,user_movie_genre_pref,user_completed_booking,user_ticket_booking_history,user_app_session_duration",15350,2649,17.26
Cinema,C0112,Cinema_JOU_Campaign_112,journey,"Family_Movie_Fans,Movie_Pref_Drama,New_Users","user_viewed_movie_details,user_location_hcmc,user_movie_genre_pref",38289,7911,20.66
Cinema,C0113,Cinema_ADV_Campaign_113,advertising,"Frequent_Cinema_Goers,Premium_Seat_Bookers,New_Users","user_movie_genre_pref,user_last_login_days,user_completed_booking,user_create_transaction",62898,6289,10.0
Cinema,C0114,Cinema_ADV_Campaign_114,advertising,"Subscription_Holders,Action_Thriller_Lovers,High_Value_Customers","user_watched_trailer,user_viewed_movie_details,user_age_group,user_location_hcmc,user_create_transaction",36091,6608,18.31
Cinema,C0115,Cinema_ADV_Campaign_115,advertising,"High_Value_Customers,Action_Thriller_Lovers,Early_Bird_Ticket_Users","user_movie_genre_pref,user_age_group",40976,541,1.32
Cinema,C0116,Cinema_NOT_Campaign_116,notification,"Action_Thriller_Lovers,New_Users,High_Value_Customers","user_total_spend,user_has_subscription,user_viewed_movie_details",88442,7114,8.04
Cinema,C0117,Cinema_ADV_Campaign_117,advertising,"Premium_Seat_Bookers,Action_Thriller_Lovers,Family_Movie_Fans","user_movie_genre_pref,user_create_transaction,user_app_session_duration",89717,2188,2.44
Cinema,C0118,Cinema_ADV_Campaign_118,advertising,"Frequent_Cinema_Goers,Trailer_Viewers","user_ticket_booking_history,user_completed_booking,user_create_transaction,user_watched_trailer",47823,7285,15.23
Cinema,C0119,Cinema_PRO_Campaign_119,promotion,Recent_Bookers,"user_last_login_days,user_app_session_duration,user_watched_trailer,user_completed_booking",38681,8280,21.41
Cinema,C0120,Cinema_ADV_Campaign_120,advertising,"Early_Bird_Ticket_Users,Weekend_Visitors,App_Login_Users","user_create_transaction,user_completed_booking,user_viewed_movie_details,user_age_group,user_last_login_days",52942,2008,3.79
Cinema,C0121,Cinema_JOU_Campaign_121,journey,High_Value_Customers,"user_location_hcmc,user_has_subscription",93188,22962,24.64
Cinema,C0122,Cinema_ADV_Campaign_122,advertising,"Subscription_Holders,Family_Movie_Fans,Weekend_Visitors","user_movie_genre_pref,user_viewed_movie_details",66797,1077,1.61
Cinema,C0123,Cinema_ADV_Campaign_123,advertising,"Movie_Pref_Drama,Family_Movie_Fans,App_Login_Users","user_ticket_booking_history,user_watched_trailer,user_movie_genre_pref,user_age_group,user_create_transaction",23320,604,2.59
Cinema,C0124,Cinema_NOT_Campaign_124,notification,"New_Users,App_Login_Users","user_viewed_movie_details,user_last_login_days",22781,3410,14.97
Cinema,C0125,Cinema_JOU_Campaign_125,journey,"Family_Movie_Fans,Action_Thriller_Lovers","user_total_spend,user_ticket_booking_history,user_completed_booking,user_age_group,user_create_transaction",69139,14064,20.34
Cinema,C0126,Cinema_ADV_Campaign_126,advertising,Action_Thriller_Lovers,"user_viewed_movie_details,user_location_hcmc,user_ticket_booking_history,user_app_session_duration",52537,2152,4.1
Cinema,C0127,Cinema_ADV_Campaign_127,advertising,"Family_Movie_Fans,Weekend_Visitors,Frequent_Cinema_Goers","user_watched_trailer,user_viewed_movie_details,user_create_transaction,user_location_hcmc,user_movie_genre_pref",91870,7868,8.56
Cinema,C0128,Cinema_NOT_Campaign_128,notification,Premium_Seat_Bookers,"user_viewed_movie_details,user_completed_booking,user_total_spend,user_app_session_duration",13992,3273,23.39
Cinema,C0129,Cinema_PRO_Campaign_129,promotion,"Movie_Pref_Drama,Early_Bird_Ticket_Users,Weekend_Visitors","user_app_session_duration,user_total_spend,user_login_app",41342,2783,6.73
Cinema,C0130,Cinema_PRO_Campaign_130,promotion,"High_Value_Customers,Premium_Seat_Bookers,Recent_Bookers","user_movie_genre_pref,user_login_app",22275,343,1.54
Cinema,C0131,Cinema_ADV_Campaign_131,advertising,Trailer_Viewers,"user_login_app,user_completed_booking,user_watched_trailer,user_app_session_duration",21614,3664,16.95
Cinema,C0132,Cinema_NOT_Campaign_132,notification,"App_Login_Users,New_Users,Premium_Seat_Bookers","user_last_login_days,user_total_spend,user_create_transaction,user_location_hcmc",71039,7969,11.22
Cinema,C0133,Cinema_NOT_Campaign_133,notification,"Premium_Seat_Bookers,Family_Movie_Fans,Inactive_Users_Reactivation","user_location_hcmc,user_movie_genre_pref,user_login_app,user_ticket_booking_history",67781,14559,21.48
Cinema,C0134,Cinema_JOU_Campaign_134,journey,"Family_Movie_Fans,App_Login_Users","user_ticket_booking_history,user_location_hcmc,user_create_transaction,user_movie_genre_pref,user_has_subscription",84730,5707,6.74
Cinema,C0135,Cinema_NOT_Campaign_135,notification,High_Value_Customers,"user_age_group,user_total_spend,user_last_login_days,user_watched_trailer",64469,8926,13.85
Cinema,C0136,Cinema_JOU_Campaign_136,journey,Premium_Seat_Bookers,"user_movie_genre_pref,user_app_session_duration",77264,7817,10.12
Cinema,C0137,Cinema_JOU_Campaign_137,journey,"Movie_Pref_Drama,Subscription_Holders","user_location_hcmc,user_age_group,user_ticket_booking_history,user_create_transaction",45966,7451,16.21
Cinema,C0138,Cinema_ADV_Campaign_138,advertising,"High_Value_Customers,Weekend_Visitors,Recent_Bookers","user_create_transaction,user_app_session_duration,user_ticket_booking_history,user_movie_genre_pref,user_age_group",17656,3228,18.28
Cinema,C0139,Cinema_PRO_Campaign_139,promotion,"Frequent_Cinema_Goers,Trailer_Viewers,Inactive_Users_Reactivation","user_movie_genre_pref,user_create_transaction,user_age_group,user_has_subscription",92207,14780,16.03
Cinema,C0140,Cinema_NOT_Campaign_140,notification,"Trailer_Viewers,High_Value_Customers","user_create_transaction,user_total_spend,user_last_login_days,user_viewed_movie_details",25280,5631,22.27
Cinema,C0141,Cinema_JOU_Campaign_141,journey,Early_Bird_Ticket_Users,"user_has_subscription,user_last_login_days",53176,2413,4.54
Cinema,C0142,Cinema_ADV_Campaign_142,advertising,"Movie_Pref_Drama,Premium_Seat_Bookers,Subscription_Holders","user_total_spend,user_movie_genre_pref",95894,9721,10.14
Cinema,C0143,Cinema_NOT_Campaign_143,notification,High_Value_Customers,"user_has_subscription,user_app_session_duration,user_login_app,user_completed_booking",23776,4876,20.51
Cinema,C0144,Cinema_JOU_Campaign_144,journey,Recent_Bookers,"user_create_transaction,user_ticket_booking_history",74531,7794,10.46
Cinema,C0145,Cinema_JOU_Campaign_145,journey,"New_Users,Weekend_Visitors","user_has_subscription,user_watched_trailer,user_app_session_duration",79395,3576,4.5
Cinema,C0146,Cinema_NOT_Campaign_146,notification,Recent_Bookers,"user_movie_genre_pref,user_create_transaction",40665,7665,18.85
Cinema,C0147,Cinema_JOU_Campaign_147,journey,"Trailer_Viewers,New_Users","user_watched_trailer,user_viewed_movie_details,user_last_login_days,user_create_transaction,user_has_subscription",61349,2429,3.96
Cinema,C0148,Cinema_ADV_Campaign_148,advertising,"Family_Movie_Fans,Trailer_Viewers,New_Users","user_login_app,user_viewed_movie_details,user_age_group,user_total_spend",12180,152,1.25
Cinema,C0149,Cinema_PRO_Campaign_149,promotion,"Movie_Pref_Drama,Premium_Seat_Bookers","user_app_session_duration,user_watched_trailer,user_ticket_booking_history",48007,2445,5.09
Cinema,C0150,Cinema_NOT_Campaign_150,notification,"Action_Thriller_Lovers,Subscription_Holders","user_completed_booking,user_age_group,user_last_login_days",97231,8512,8.75
Cinema,C0151,Cinema_ADV_Campaign_151,advertising,Subscription_Holders,"user_age_group,user_login_app",65260,15744,24.13
Cinema,C0152,Cinema_NOT_Campaign_152,notification,"Trailer_Viewers,Subscription_Holders","user_ticket_booking_history,user_movie_genre_pref,user_age_group,user_watched_trailer,user_create_transaction",58088,921,1.59
Cinema,C0153,Cinema_ADV_Campaign_153,advertising,Premium_Seat_Bookers,"user_ticket_booking_history,user_has_subscription,user_create_transaction,user_age_group,user_movie_genre_pref",36891,7506,20.35
Cinema,C0154,Cinema_JOU_Campaign_154,journey,"App_Login_Users,Subscription_Holders,High_Value_Customers","user_viewed_movie_details,user_has_subscription,user_completed_booking,user_create_transaction",71910,4455,6.2
Cinema,C0155,Cinema_PRO_Campaign_155,promotion,"Weekend_Visitors,Action_Thriller_Lovers","user_viewed_movie_details,user_create_transaction,user_completed_booking",38550,3617,9.38
Cinema,C0156,Cinema_PRO_Campaign_156,promotion,"Recent_Bookers,Premium_Seat_Bookers,Family_Movie_Fans","user_completed_booking,user_movie_genre_pref",69764,15899,22.79
Cinema,C0157,Cinema_JOU_Campaign_157,journey,"Trailer_Viewers,Family_Movie_Fans,Premium_Seat_Bookers","user_movie_genre_pref,user_has_subscription,user_completed_booking,user_location_hcmc",13950,2059,14.76
Cinema,C0158,Cinema_JOU_Campaign_158,journey,"High_Value_Customers,Premium_Seat_Bookers,Early_Bird_Ticket_Users","user_has_subscription,user_last_login_days",14724,1418,9.63
Cinema,C0159,Cinema_JOU_Campaign_159,journey,"Frequent_Cinema_Goers,Early_Bird_Ticket_Users","user_watched_trailer,user_create_transaction,user_movie_genre_pref,user_ticket_booking_history",85610,20322,23.74
Cinema,C0160,Cinema_JOU_Campaign_160,journey,"Trailer_Viewers,Inactive_Users_Reactivation","user_location_hcmc,user_total_spend",90437,7072,7.82
Cinema,C0161,Cinema_ADV_Campaign_161,advertising,"New_Users,Inactive_Users_Reactivation,Recent_Bookers","user_location_hcmc,user_create_transaction",50015,12203,24.4
Cinema,C0162,Cinema_NOT_Campaign_162,notification,"Family_Movie_Fans,Recent_Bookers,Frequent_Cinema_Goers","user_ticket_booking_history,user_location_hcmc,user_app_session_duration",73690,17865,24.24
Cinema,C0163,Cinema_PRO_Campaign_163,promotion,"Weekend_Visitors,High_Value_Customers","user_age_group,user_has_subscription,user_movie_genre_pref,user_total_spend,user_login_app",87691,11841,13.5
Cinema,C0164,Cinema_NOT_Campaign_164,notification,"App_Login_Users,Inactive_Users_Reactivation","user_watched_trailer,user_app_session_duration,user_movie_genre_pref,user_total_spend,user_completed_booking",48694,1821,3.74
Cinema,C0165,Cinema_PRO_Campaign_165,promotion,"High_Value_Customers,Family_Movie_Fans","user_completed_booking,user_total_spend,user_create_transaction,user_watched_trailer,user_last_login_days",54372,11085,20.39
Cinema,C0166,Cinema_ADV_Campaign_166,advertising,Family_Movie_Fans,"user_movie_genre_pref,user_app_session_duration",60496,8935,14.77
Cinema,C0167,Cinema_ADV_Campaign_167,advertising,Weekend_Visitors,"user_completed_booking,user_viewed_movie_details,user_has_subscription,user_location_hcmc",30166,2156,7.15
Cinema,C0168,Cinema_PRO_Campaign_168,promotion,App_Login_Users,"user_app_session_duration,user_create_transaction,user_last_login_days,user_movie_genre_pref",74013,1976,2.67
Cinema,C0169,Cinema_ADV_Campaign_169,advertising,"Recent_Bookers,Trailer_Viewers,Subscription_Holders","user_completed_booking,user_app_session_duration,user_total_spend",26697,6173,23.12
Cinema,C0170,Cinema_JOU_Campaign_170,journey,Subscription_Holders,"user_movie_genre_pref,user_ticket_booking_history,user_viewed_movie_details,user_location_hcmc",85031,10186,11.98
Cinema,C0171,Cinema_JOU_Campaign_171,journey,Inactive_Users_Reactivation,"user_watched_trailer,user_location_hcmc,user_viewed_movie_details",53213,11645,21.88
Cinema,C0172,Cinema_JOU_Campaign_172,journey,"Premium_Seat_Bookers,High_Value_Customers","user_last_login_days,user_app_session_duration,user_age_group,user_completed_booking,user_viewed_movie_details",84254,5377,6.38
Cinema,C0173,Cinema_ADV_Campaign_173,advertising,Family_Movie_Fans,"user_has_subscription,user_last_login_days,user_create_transaction,user_ticket_booking_history,user_movie_genre_pref",42363,1797,4.24
Cinema,C0174,Cinema_PRO_Campaign_174,promotion,"New_Users,Inactive_Users_Reactivation","user_age_group,user_create_transaction,user_viewed_movie_details",64130,15134,23.6
Cinema,C0175,Cinema_ADV_Campaign_175,advertising,Subscription_Holders,"user_age_group,user_last_login_days",54015,4402,8.15
Cinema,C0176,Cinema_JOU_Campaign_176,journey,Weekend_Visitors,"user_login_app,user_has_subscription,user_create_transaction",98677,22283,22.58
Cinema,C0177,Cinema_ADV_Campaign_177,advertising,Recent_Bookers,"user_watched_trailer,user_location_hcmc",96235,5509,5.72
Cinema,C0178,Cinema_JOU_Campaign_178,journey,"Trailer_Viewers,Frequent_Cinema_Goers","user_login_app,user_watched_trailer",33266,7172,21.56
Cinema,C0179,Cinema_PRO_Campaign_179,promotion,"Action_Thriller_Lovers,Trailer_Viewers,Inactive_Users_Reactivation","user_create_transaction,user_watched_trailer,user_viewed_movie_details,user_ticket_booking_history,user_app_session_duration",11258,1088,9.66
Cinema,C0180,Cinema_JOU_Campaign_180,journey,"Premium_Seat_Bookers,Trailer_Viewers,New_Users","user_create_transaction,user_location_hcmc",83215,18397,22.11
Cinema,C0181,Cinema_NOT_Campaign_181,notification,"Inactive_Users_Reactivation,Trailer_Viewers,Movie_Pref_Drama","user_watched_trailer,user_age_group,user_login_app",85584,12416,14.51
Cinema,C0182,Cinema_PRO_Campaign_182,promotion,"Subscription_Holders,Recent_Bookers,Family_Movie_Fans","user_last_login_days,user_has_subscription",13870,2292,16.52
Cinema,C0183,Cinema_NOT_Campaign_183,notification,"Early_Bird_Ticket_Users,New_Users","user_movie_genre_pref,user_age_group",53929,4694,8.7
Cinema,C0184,Cinema_NOT_Campaign_184,notification,"Premium_Seat_Bookers,App_Login_Users","user_viewed_movie_details,user_ticket_booking_history,user_movie_genre_pref,user_create_transaction",81271,11707,14.4
Cinema,C0185,Cinema_PRO_Campaign_185,promotion,Weekend_Visitors,"user_movie_genre_pref,user_completed_booking,user_app_session_duration,user_location_hcmc",96146,16641,17.31
Cinema,C0186,Cinema_PRO_Campaign_186,promotion,App_Login_Users,"user_login_app,user_watched_trailer,user_viewed_movie_details,user_app_session_duration,user_movie_genre_pref",10492,1396,13.31
Cinema,C0187,Cinema_ADV_Campaign_187,advertising,"Subscription_Holders,Inactive_Users_Reactivation,New_Users","user_login_app,user_movie_genre_pref,user_viewed_movie_details,user_watched_trailer",51789,1300,2.51
Cinema,C0188,Cinema_ADV_Campaign_188,advertising,"App_Login_Users,Premium_Seat_Bookers","user_age_group,user_app_session_duration,user_location_hcmc,user_ticket_booking_history",49438,3554,7.19
Cinema,C0189,Cinema_JOU_Campaign_189,journey,"New_Users,Weekend_Visitors,Inactive_Users_Reactivation","user_app_session_duration,user_create_transaction,user_age_group,user_ticket_booking_history",61440,10484,17.06
Cinema,C0190,Cinema_PRO_Campaign_190,promotion,"High_Value_Customers,Weekend_Visitors,App_Login_Users","user_has_subscription,user_movie_genre_pref",43750,5458,12.48
Cinema,C0191,Cinema_JOU_Campaign_191,journey,"Action_Thriller_Lovers,Subscription_Holders,Recent_Bookers","user_has_subscription,user_location_hcmc,user_login_app,user_app_session_duration,user_age_group",40986,1348,3.29
Cinema,C0192,Cinema_NOT_Campaign_192,notification,"Family_Movie_Fans,Subscription_Holders,Weekend_Visitors","user_login_app,user_completed_booking,user_total_spend",93878,15296,16.29
Cinema,C0193,Cinema_NOT_Campaign_193,notification,App_Login_Users,"user_app_session_duration,user_movie_genre_pref,user_has_subscription",52467,6796,12.95
Cinema,C0194,Cinema_NOT_Campaign_194,notification,"Recent_Bookers,Family_Movie_Fans,New_Users","user_has_subscription,user_location_hcmc,user_create_transaction,user_total_spend",23047,4567,19.82
Cinema,C0195,Cinema_ADV_Campaign_195,advertising,"Weekend_Visitors,Family_Movie_Fans","user_viewed_movie_details,user_create_transaction,user_login_app,user_completed_booking",70410,13384,19.01
Cinema,C0196,Cinema_NOT_Campaign_196,notification,"Premium_Seat_Bookers,High_Value_Customers","user_viewed_movie_details,user_total_spend,user_watched_trailer,user_location_hcmc,user_app_session_duration",21074,1321,6.27
Cinema,C0197,Cinema_NOT_Campaign_197,notification,"Recent_Bookers,Action_Thriller_Lovers","user_create_transaction,user_movie_genre_pref,user_has_subscription,user_ticket_booking_history,user_app_session_duration",77089,18535,24.04
Cinema,C0198,Cinema_ADV_Campaign_198,advertising,"Early_Bird_Ticket_Users,Recent_Bookers","user_app_session_duration,user_has_subscription,user_last_login_days",34391,2331,6.78
Cinema,C0199,Cinema_PRO_Campaign_199,promotion,Movie_Pref_Drama,"user_login_app,user_has_subscription,user_last_login_days,user_total_spend,user_ticket_booking_history",66263,13829,20.87
Cinema,C0200,Cinema_PRO_Campaign_200,promotion,"App_Login_Users,Early_Bird_Ticket_Users,High_Value_Customers","user_ticket_booking_history,user_app_session_duration,user_location_hcmc,user_last_login_days,user_age_group",58665,14075,23.99
Cinema,C0201,Cinema_NOT_Campaign_201,notification,Weekend_Visitors,"user_location_hcmc,user_app_session_duration",94143,17893,19.01
Cinema,C0202,Cinema_ADV_Campaign_202,advertising,Early_Bird_Ticket_Users,"user_app_session_duration,user_completed_booking,user_age_group",70911,2524,3.56
Cinema,C0203,Cinema_NOT_Campaign_203,notification,"Recent_Bookers,High_Value_Customers,Early_Bird_Ticket_Users","user_has_subscription,user_ticket_booking_history,user_viewed_movie_details",50353,9004,17.88
Cinema,C0204,Cinema_ADV_Campaign_204,advertising,High_Value_Customers,"user_movie_genre_pref,user_last_login_days,user_watched_trailer",21406,5334,24.92
Cinema,C0205,Cinema_ADV_Campaign_205,advertising,"Inactive_Users_Reactivation,App_Login_Users,Early_Bird_Ticket_Users","user_total_spend,user_app_session_duration,user_completed_booking",27439,5670,20.66
Cinema,C0206,Cinema_ADV_Campaign_206,advertising,"Frequent_Cinema_Goers,Early_Bird_Ticket_Users,App_Login_Users","user_movie_genre_pref,user_total_spend",39688,3849,9.7
Cinema,C0207,Cinema_JOU_Campaign_207,journey,"Family_Movie_Fans,Frequent_Cinema_Goers,New_Users","user_movie_genre_pref,user_watched_trailer,user_location_hcmc,user_viewed_movie_details",94783,14253,15.04
Cinema,C0208,Cinema_ADV_Campaign_208,advertising,"App_Login_Users,Action_Thriller_Lovers","user_completed_booking,user_location_hcmc",59476,8527,14.34
Cinema,C0209,Cinema_JOU_Campaign_209,journey,Weekend_Visitors,"user_has_subscription,user_ticket_booking_history,user_app_session_duration",50268,7034,13.99
Cinema,C0210,Cinema_PRO_Campaign_210,promotion,"Inactive_Users_Reactivation,Early_Bird_Ticket_Users","user_has_subscription,user_viewed_movie_details",66141,2668,4.03
Cinema,C0211,Cinema_ADV_Campaign_211,advertising,"Movie_Pref_Drama,Recent_Bookers","user_login_app,user_watched_trailer",55351,10635,19.21
Cinema,C0212,Cinema_JOU_Campaign_212,journey,Early_Bird_Ticket_Users,"user_has_subscription,user_total_spend,user_app_session_duration",29881,6549,21.92
Cinema,C0213,Cinema_PRO_Campaign_213,promotion,"Inactive_Users_Reactivation,New_Users","user_watched_trailer,user_location_hcmc,user_login_app,user_create_transaction,user_age_group",71249,15694,22.03
Cinema,C0214,Cinema_PRO_Campaign_214,promotion,Trailer_Viewers,"user_login_app,user_app_session_duration,user_watched_trailer,user_location_hcmc",83317,16253,19.51
Cinema,C0215,Cinema_ADV_Campaign_215,advertising,"Frequent_Cinema_Goers,App_Login_Users,Subscription_Holders","user_watched_trailer,user_ticket_booking_history,user_has_subscription",57855,6573,11.36
Cinema,C0216,Cinema_NOT_Campaign_216,notification,"Frequent_Cinema_Goers,Trailer_Viewers","user_has_subscription,user_last_login_days,user_watched_trailer",14637,1728,11.81
Cinema,C0217,Cinema_JOU_Campaign_217,journey,"High_Value_Customers,Trailer_Viewers,Family_Movie_Fans","user_completed_booking,user_create_transaction",56629,6680,11.8
Cinema,C0218,Cinema_ADV_Campaign_218,advertising,"Weekend_Visitors,Premium_Seat_Bookers,Recent_Bookers","user_total_spend,user_last_login_days,user_age_group",70546,2024,2.87
Cinema,C0219,Cinema_NOT_Campaign_219,notification,Recent_Bookers,"user_app_session_duration,user_location_hcmc,user_last_login_days,user_ticket_booking_history",24521,5211,21.25
Cinema,C0220,Cinema_PRO_Campaign_220,promotion,"Trailer_Viewers,Weekend_Visitors","user_age_group,user_total_spend,user_watched_trailer",82820,11850,14.31
Cinema,C0221,Cinema_JOU_Campaign_221,journey,"Trailer_Viewers,High_Value_Customers,New_Users","user_has_subscription,user_app_session_duration",93317,4524,4.85
Cinema,C0222,Cinema_JOU_Campaign_222,journey,"High_Value_Customers,Premium_Seat_Bookers,Action_Thriller_Lovers","user_total_spend,user_location_hcmc",39803,9875,24.81
Cinema,C0223,Cinema_PRO_Campaign_223,promotion,"Frequent_Cinema_Goers,Trailer_Viewers,New_Users","user_last_login_days,user_movie_genre_pref,user_total_spend",54832,2969,5.41
Cinema,C0224,Cinema_PRO_Campaign_224,promotion,Trailer_Viewers,"user_viewed_movie_details,user_login_app",62807,5767,9.18
Cinema,C0225,Cinema_JOU_Campaign_225,journey,Subscription_Holders,"user_age_group,user_last_login_days,user_total_spend",66814,14968,22.4
Cinema,C0226,Cinema_NOT_Campaign_226,notification,"Recent_Bookers,Inactive_Users_Reactivation,Movie_Pref_Drama","user_movie_genre_pref,user_location_hcmc,user_last_login_days,user_age_group",46124,3298,7.15
Cinema,C0227,Cinema_JOU_Campaign_227,journey,"Weekend_Visitors,Inactive_Users_Reactivation,Early_Bird_Ticket_Users","user_total_spend,user_location_hcmc,user_viewed_movie_details,user_movie_genre_pref",41569,9558,22.99
Cinema,C0228,Cinema_ADV_Campaign_228,advertising,High_Value_Customers,"user_ticket_booking_history,user_viewed_movie_details,user_location_hcmc,user_has_subscription",67888,6392,9.42
Cinema,C0229,Cinema_ADV_Campaign_229,advertising,"App_Login_Users,Trailer_Viewers","user_age_group,user_has_subscription,user_completed_booking,user_watched_trailer,user_login_app",42700,1721,4.03
Cinema,C0230,Cinema_ADV_Campaign_230,advertising,"Family_Movie_Fans,High_Value_Customers","user_viewed_movie_details,user_app_session_duration,user_last_login_days,user_watched_trailer,user_movie_genre_pref",96248,9862,10.25
Cinema,C0231,Cinema_PRO_Campaign_231,promotion,Trailer_Viewers,"user_viewed_movie_details,user_login_app,user_movie_genre_pref",74604,8140,10.91
Cinema,C0232,Cinema_PRO_Campaign_232,promotion,App_Login_Users,"user_has_subscription,user_ticket_booking_history,user_location_hcmc,user_create_transaction,user_completed_booking",5679,1183,20.83
Cinema,C0233,Cinema_PRO_Campaign_233,promotion,"Family_Movie_Fans,New_Users","user_movie_genre_pref,user_viewed_movie_details,user_watched_trailer,user_has_subscription,user_app_session_duration",89659,2834,3.16
Cinema,C0234,Cinema_NOT_Campaign_234,notification,"Trailer_Viewers,Movie_Pref_Drama,Inactive_Users_Reactivation","user_completed_booking,user_age_group",28040,577,2.06
Cinema,C0235,Cinema_JOU_Campaign_235,journey,"Recent_Bookers,Action_Thriller_Lovers","user_login_app,user_app_session_duration,user_watched_trailer,user_total_spend",84007,4356,5.19
Cinema,C0236,Cinema_ADV_Campaign_236,advertising,"New_Users,Family_Movie_Fans","user_completed_booking,user_last_login_days,user_location_hcmc,user_watched_trailer,user_viewed_movie_details",19764,2905,14.7
Cinema,C0237,Cinema_PRO_Campaign_237,promotion,"New_Users,Family_Movie_Fans,High_Value_Customers","user_login_app,user_ticket_booking_history,user_has_subscription",43669,9738,22.3
Cinema,C0238,Cinema_PRO_Campaign_238,promotion,Trailer_Viewers,"user_age_group,user_last_login_days,user_has_subscription,user_create_transaction,user_app_session_duration",92720,4052,4.37
Cinema,C0239,Cinema_PRO_Campaign_239,promotion,New_Users,"user_viewed_movie_details,user_login_app,user_watched_trailer,user_age_group",35870,7677,21.4
Cinema,C0240,Cinema_ADV_Campaign_240,advertising,"High_Value_Customers,Trailer_Viewers","user_watched_trailer,user_movie_genre_pref",52127,11871,22.77
Cinema,C0241,Cinema_PRO_Campaign_241,promotion,Family_Movie_Fans,"user_location_hcmc,user_watched_trailer",25934,3580,13.8
Cinema,C0242,Cinema_ADV_Campaign_242,advertising,"App_Login_Users,Family_Movie_Fans,High_Value_Customers","user_total_spend,user_viewed_movie_details,user_ticket_booking_history,user_completed_booking",67676,3185,4.71
Cinema,C0243,Cinema_JOU_Campaign_243,journey,"Trailer_Viewers,Weekend_Visitors,Subscription_Holders","user_app_session_duration,user_last_login_days,user_movie_genre_pref,user_viewed_movie_details,user_total_spend",94173,20464,21.73
Cinema,C0244,Cinema_NOT_Campaign_244,notification,"New_Users,Inactive_Users_Reactivation,Action_Thriller_Lovers","user_create_transaction,user_total_spend,user_app_session_duration,user_login_app",76781,17330,22.57
Cinema,C0245,Cinema_PRO_Campaign_245,promotion,"Inactive_Users_Reactivation,Recent_Bookers,Premium_Seat_Bookers","user_last_login_days,user_location_hcmc,user_create_transaction,user_viewed_movie_details",98967,20097,20.31
Cinema,C0246,Cinema_JOU_Campaign_246,journey,Inactive_Users_Reactivation,"user_app_session_duration,user_login_app,user_location_hcmc,user_completed_booking,user_last_login_days",59450,8078,13.59
Cinema,C0247,Cinema_NOT_Campaign_247,notification,"New_Users,Family_Movie_Fans,High_Value_Customers","user_age_group,user_watched_trailer",5395,499,9.25
Cinema,C0248,Cinema_NOT_Campaign_248,notification,Subscription_Holders,"user_ticket_booking_history,user_create_transaction,user_last_login_days,user_login_app",14046,2073,14.76
Cinema,C0249,Cinema_NOT_Campaign_249,notification,"Subscription_Holders,Recent_Bookers","user_app_session_duration,user_movie_genre_pref,user_ticket_booking_history",60097,6735,11.21
Cinema,C0250,Cinema_JOU_Campaign_250,journey,"Early_Bird_Ticket_Users,Subscription_Holders","user_create_transaction,user_movie_genre_pref,user_ticket_booking_history,user_last_login_days,user_completed_booking",90660,12301,13.57
Cinema,C0251,Cinema_NOT_Campaign_251,notification,Inactive_Users_Reactivation,"user_last_login_days,user_completed_booking,user_viewed_movie_details,user_login_app,user_total_spend",44107,8026,18.2
Cinema,C0252,Cinema_JOU_Campaign_252,journey,"Subscription_Holders,Movie_Pref_Drama,Premium_Seat_Bookers","user_has_subscription,user_completed_booking,user_watched_trailer,user_viewed_movie_details,user_create_transaction",9222,1809,19.62
Cinema,C0253,Cinema_NOT_Campaign_253,notification,Movie_Pref_Drama,"user_create_transaction,user_total_spend",9400,1922,20.45
Cinema,C0254,Cinema_NOT_Campaign_254,notification,Action_Thriller_Lovers,"user_age_group,user_location_hcmc",35715,3916,10.96
Cinema,C0255,Cinema_NOT_Campaign_255,notification,Inactive_Users_Reactivation,"user_viewed_movie_details,user_ticket_booking_history,user_total_spend,user_has_subscription",80690,11313,14.02
Cinema,C0256,Cinema_PRO_Campaign_256,promotion,"Recent_Bookers,Family_Movie_Fans","user_age_group,user_watched_trailer,user_ticket_booking_history",12989,2409,18.55
Cinema,C0257,Cinema_PRO_Campaign_257,promotion,"Family_Movie_Fans,Subscription_Holders,Inactive_Users_Reactivation","user_login_app,user_has_subscription,user_movie_genre_pref,user_age_group,user_last_login_days",46777,7288,15.58
Cinema,C0258,Cinema_JOU_Campaign_258,journey,High_Value_Customers,"user_completed_booking,user_last_login_days,user_location_hcmc,user_viewed_movie_details,user_total_spend",44418,2809,6.32
Cinema,C0259,Cinema_JOU_Campaign_259,journey,Inactive_Users_Reactivation,"user_age_group,user_last_login_days,user_ticket_booking_history,user_completed_booking,user_app_session_duration",36831,4545,12.34
Cinema,C0260,Cinema_PRO_Campaign_260,promotion,"Family_Movie_Fans,App_Login_Users","user_has_subscription,user_create_transaction,user_last_login_days,user_viewed_movie_details,user_login_app",40187,6580,16.37
Cinema,C0261,Cinema_NOT_Campaign_261,notification,Movie_Pref_Drama,"user_location_hcmc,user_viewed_movie_details,user_has_subscription",44739,698,1.56
Cinema,C0262,Cinema_PRO_Campaign_262,promotion,Action_Thriller_Lovers,"user_ticket_booking_history,user_location_hcmc",36797,3717,10.1
Cinema,C0263,Cinema_JOU_Campaign_263,journey,Inactive_Users_Reactivation,"user_app_session_duration,user_watched_trailer,user_age_group,user_location_hcmc",74946,12521,16.71
Cinema,C0264,Cinema_ADV_Campaign_264,advertising,"Weekend_Visitors,Inactive_Users_Reactivation","user_location_hcmc,user_create_transaction,user_app_session_duration,user_has_subscription,user_viewed_movie_details",53589,5661,10.56
Cinema,C0265,Cinema_JOU_Campaign_265,journey,Trailer_Viewers,"user_ticket_booking_history,user_completed_booking,user_login_app",39180,9456,24.13
Cinema,C0266,Cinema_JOU_Campaign_266,journey,"Recent_Bookers,Movie_Pref_Drama","user_viewed_movie_details,user_age_group,user_total_spend,user_app_session_duration",70444,11765,16.7
Cinema,C0267,Cinema_ADV_Campaign_267,advertising,"Action_Thriller_Lovers,Family_Movie_Fans","user_location_hcmc,user_completed_booking,user_has_subscription,user_ticket_booking_history,user_total_spend",99412,18903,19.01
Cinema,C0268,Cinema_JOU_Campaign_268,journey,Inactive_Users_Reactivation,"user_last_login_days,user_login_app",14742,3497,23.72
Cinema,C0269,Cinema_NOT_Campaign_269,notification,Subscription_Holders,"user_movie_genre_pref,user_viewed_movie_details,user_create_transaction",97690,5924,6.06
Cinema,C0270,Cinema_NOT_Campaign_270,notification,Inactive_Users_Reactivation,"user_has_subscription,user_login_app,user_total_spend,user_movie_genre_pref,user_location_hcmc",91413,16900,18.49
Cinema,C0271,Cinema_NOT_Campaign_271,notification,Inactive_Users_Reactivation,"user_login_app,user_app_session_duration,user_last_login_days,user_watched_trailer,user_movie_genre_pref",42576,705,1.66
Cinema,C0272,Cinema_JOU_Campaign_272,journey,App_Login_Users,"user_last_login_days,user_completed_booking",36584,3509,9.59
Cinema,C0273,Cinema_ADV_Campaign_273,advertising,"High_Value_Customers,Premium_Seat_Bookers","user_create_transaction,user_has_subscription,user_age_group,user_location_hcmc,user_viewed_movie_details",96388,8363,8.68
Cinema,C0274,Cinema_ADV_Campaign_274,advertising,"Early_Bird_Ticket_Users,App_Login_Users,Family_Movie_Fans","user_create_transaction,user_age_group",54710,6726,12.29
Cinema,C0275,Cinema_JOU_Campaign_275,journey,Family_Movie_Fans,"user_ticket_booking_history,user_completed_booking",15837,2205,13.92
Cinema,C0276,Cinema_JOU_Campaign_276,journey,"Premium_Seat_Bookers,Weekend_Visitors,Trailer_Viewers","user_last_login_days,user_login_app",35115,3814,10.86
Cinema,C0277,Cinema_JOU_Campaign_277,journey,"Frequent_Cinema_Goers,App_Login_Users","user_last_login_days,user_total_spend,user_movie_genre_pref,user_login_app",28508,2861,10.04
Cinema,C0278,Cinema_NOT_Campaign_278,notification,Trailer_Viewers,"user_app_session_duration,user_ticket_booking_history,user_age_group",15084,1375,9.12
Cinema,C0279,Cinema_PRO_Campaign_279,promotion,"Movie_Pref_Drama,Trailer_Viewers,Subscription_Holders","user_age_group,user_ticket_booking_history,user_completed_booking,user_create_transaction",70639,12039,17.04
Cinema,C0280,Cinema_NOT_Campaign_280,notification,Subscription_Holders,"user_create_transaction,user_has_subscription,user_total_spend",85460,20370,23.84
Cinema,C0281,Cinema_JOU_Campaign_281,journey,"Frequent_Cinema_Goers,Family_Movie_Fans","user_app_session_duration,user_location_hcmc,user_ticket_booking_history,user_viewed_movie_details",51636,9576,18.55
Cinema,C0282,Cinema_JOU_Campaign_282,journey,"Recent_Bookers,Family_Movie_Fans","user_create_transaction,user_total_spend,user_watched_trailer,user_viewed_movie_details,user_app_session_duration",15752,1254,7.96
Cinema,C0283,Cinema_PRO_Campaign_283,promotion,"Action_Thriller_Lovers,Premium_Seat_Bookers","user_ticket_booking_history,user_age_group,user_has_subscription",52277,2267,4.34
Cinema,C0284,Cinema_NOT_Campaign_284,notification,High_Value_Customers,"user_has_subscription,user_watched_trailer,user_create_transaction,user_completed_booking,user_movie_genre_pref",29561,3825,12.94
Cinema,C0285,Cinema_JOU_Campaign_285,journey,"Inactive_Users_Reactivation,Early_Bird_Ticket_Users,Subscription_Holders","user_login_app,user_create_transaction",51388,9593,18.67
Cinema,C0286,Cinema_NOT_Campaign_286,notification,"Trailer_Viewers,Premium_Seat_Bookers,Weekend_Visitors","user_login_app,user_watched_trailer,user_age_group,user_movie_genre_pref,user_create_transaction",78339,8737,11.15
Cinema,C0287,Cinema_PRO_Campaign_287,promotion,"Subscription_Holders,Recent_Bookers,Premium_Seat_Bookers","user_watched_trailer,user_app_session_duration,user_location_hcmc,user_completed_booking",13292,816,6.14
Cinema,C0288,Cinema_JOU_Campaign_288,journey,"Subscription_Holders,High_Value_Customers","user_app_session_duration,user_create_transaction,user_has_subscription,user_watched_trailer,user_viewed_movie_details",99489,21475,21.59
Cinema,C0289,Cinema_JOU_Campaign_289,journey,"Trailer_Viewers,Movie_Pref_Drama,New_Users","user_completed_booking,user_watched_trailer",5887,868,14.74
Cinema,C0290,Cinema_ADV_Campaign_290,advertising,"Subscription_Holders,Premium_Seat_Bookers,Weekend_Visitors","user_has_subscription,user_age_group,user_movie_genre_pref,user_total_spend,user_completed_booking",44378,5696,12.84
Cinema,C0291,Cinema_PRO_Campaign_291,promotion,"Weekend_Visitors,Recent_Bookers","user_has_subscription,user_watched_trailer,user_movie_genre_pref,user_location_hcmc,user_viewed_movie_details",47714,6638,13.91
Cinema,C0292,Cinema_ADV_Campaign_292,advertising,"Weekend_Visitors,App_Login_Users","user_total_spend,user_last_login_days,user_completed_booking",94353,18968,20.1
Cinema,C0293,Cinema_NOT_Campaign_293,notification,"New_Users,Action_Thriller_Lovers,Movie_Pref_Drama","user_app_session_duration,user_watched_trailer,user_create_transaction,user_age_group,user_location_hcmc",23242,5420,23.32
Cinema,C0294,Cinema_ADV_Campaign_294,advertising,High_Value_Customers,"user_ticket_booking_history,user_age_group,user_app_session_duration",14694,1985,13.51
Cinema,C0295,Cinema_JOU_Campaign_295,journey,"Subscription_Holders,Inactive_Users_Reactivation,Premium_Seat_Bookers","user_last_login_days,user_login_app,user_has_subscription,user_app_session_duration,user_create_transaction",19335,2226,11.51
Cinema,C0296,Cinema_ADV_Campaign_296,advertising,Family_Movie_Fans,"user_total_spend,user_movie_genre_pref",93797,22129,23.59
Cinema,C0297,Cinema_JOU_Campaign_297,journey,"Premium_Seat_Bookers,Subscription_Holders","user_login_app,user_create_transaction",38913,4026,10.35
Cinema,C0298,Cinema_PRO_Campaign_298,promotion,"Weekend_Visitors,Subscription_Holders","user_app_session_duration,user_movie_genre_pref,user_total_spend,user_last_login_days,user_completed_booking",50215,904,1.8
Cinema,C0299,Cinema_JOU_Campaign_299,journey,High_Value_Customers,"user_create_transaction,user_app_session_duration,user_completed_booking,user_has_subscription,user_watched_trailer",49966,7959,15.93
Cinema,C0300,Cinema_PRO_Campaign_300,promotion,"New_Users,Weekend_Visitors,Early_Bird_Ticket_Users","user_location_hcmc,user_ticket_booking_history",96326,15788,16.39
Cinema,C0301,Cinema_ADV_Campaign_301,advertising,High_Value_Customers,"user_app_session_duration,user_ticket_booking_history",20084,385,1.92
Cinema,C0302,Cinema_ADV_Campaign_302,advertising,"App_Login_Users,Family_Movie_Fans,Recent_Bookers","user_last_login_days,user_completed_booking,user_app_session_duration",25989,2970,11.43
Cinema,C0303,Cinema_JOU_Campaign_303,journey,"Movie_Pref_Drama,Premium_Seat_Bookers","user_movie_genre_pref,user_completed_booking,user_ticket_booking_history,user_age_group,user_total_spend",8826,896,10.15
Cinema,C0304,Cinema_JOU_Campaign_304,journey,"Subscription_Holders,Early_Bird_Ticket_Users,Frequent_Cinema_Goers","user_viewed_movie_details,user_watched_trailer,user_create_transaction",80674,4140,5.13
Cinema,C0305,Cinema_PRO_Campaign_305,promotion,"Weekend_Visitors,Movie_Pref_Drama","user_create_transaction,user_watched_trailer,user_movie_genre_pref,user_location_hcmc,user_last_login_days",88769,11156,12.57
Cinema,C0306,Cinema_JOU_Campaign_306,journey,"Subscription_Holders,Trailer_Viewers,App_Login_Users","user_has_subscription,user_location_hcmc,user_total_spend,user_completed_booking",93288,10678,11.45
Cinema,C0307,Cinema_NOT_Campaign_307,notification,"Recent_Bookers,Weekend_Visitors,App_Login_Users","user_watched_trailer,user_create_transaction,user_completed_booking",53929,11900,22.07
Cinema,C0308,Cinema_PRO_Campaign_308,promotion,"Subscription_Holders,Early_Bird_Ticket_Users,Trailer_Viewers","user_total_spend,user_age_group,user_ticket_booking_history",29347,4279,14.58
Cinema,C0309,Cinema_PRO_Campaign_309,promotion,"Recent_Bookers,New_Users,High_Value_Customers","user_completed_booking,user_has_subscription,user_location_hcmc",86187,2617,3.04
Cinema,C0310,Cinema_ADV_Campaign_310,advertising,New_Users,"user_viewed_movie_details,user_age_group,user_last_login_days",71248,16931,23.76
Cinema,C0311,Cinema_JOU_Campaign_311,journey,"New_Users,Subscription_Holders,Action_Thriller_Lovers","user_location_hcmc,user_completed_booking,user_create_transaction,user_total_spend,user_login_app",33905,2731,8.05
Cinema,C0312,Cinema_NOT_Campaign_312,notification,"Movie_Pref_Drama,Inactive_Users_Reactivation","user_completed_booking,user_location_hcmc,user_total_spend,user_ticket_booking_history",77053,17508,22.72
Cinema,C0313,Cinema_NOT_Campaign_313,notification,"App_Login_Users,High_Value_Customers,Inactive_Users_Reactivation","user_last_login_days,user_login_app,user_location_hcmc,user_app_session_duration",33644,3818,11.35
Cinema,C0314,Cinema_NOT_Campaign_314,notification,"Early_Bird_Ticket_Users,Family_Movie_Fans,Movie_Pref_Drama","user_login_app,user_location_hcmc,user_watched_trailer,user_has_subscription",16401,1962,11.96
Cinema,C0315,Cinema_NOT_Campaign_315,notification,Movie_Pref_Drama,"user_ticket_booking_history,user_total_spend,user_movie_genre_pref,user_age_group",26755,5314,19.86
Cinema,C0316,Cinema_PRO_Campaign_316,promotion,Early_Bird_Ticket_Users,"user_app_session_duration,user_login_app,user_total_spend",50982,9229,18.1
Cinema,C0317,Cinema_ADV_Campaign_317,advertising,"Inactive_Users_Reactivation,Recent_Bookers,Weekend_Visitors","user_watched_trailer,user_total_spend,user_app_session_duration,user_last_login_days",94037,4060,4.32
Cinema,C0318,Cinema_PRO_Campaign_318,promotion,"Frequent_Cinema_Goers,High_Value_Customers","user_ticket_booking_history,user_completed_booking,user_viewed_movie_details",24168,2879,11.91
Cinema,C0319,Cinema_PRO_Campaign_319,promotion,"Subscription_Holders,New_Users,Recent_Bookers","user_movie_genre_pref,user_age_group,user_ticket_booking_history,user_location_hcmc",14898,2743,18.41
Cinema,C0320,Cinema_NOT_Campaign_320,notification,"Inactive_Users_Reactivation,Action_Thriller_Lovers","user_ticket_booking_history,user_has_subscription,user_location_hcmc,user_movie_genre_pref",47898,10012,20.9
Cinema,C0321,Cinema_NOT_Campaign_321,notification,"App_Login_Users,Action_Thriller_Lovers,New_Users","user_create_transaction,user_last_login_days,user_age_group,user_viewed_movie_details",61314,14127,23.04
Cinema,C0322,Cinema_PRO_Campaign_322,promotion,"High_Value_Customers,Weekend_Visitors","user_has_subscription,user_last_login_days,user_total_spend,user_completed_booking",79205,16695,21.08
Cinema,C0323,Cinema_ADV_Campaign_323,advertising,"Premium_Seat_Bookers,Frequent_Cinema_Goers,Early_Bird_Ticket_Users","user_movie_genre_pref,user_location_hcmc",7134,325,4.56
Cinema,C0324,Cinema_PRO_Campaign_324,promotion,"New_Users,Frequent_Cinema_Goers","user_viewed_movie_details,user_ticket_booking_history,user_completed_booking,user_watched_trailer,user_movie_genre_pref",40916,1938,4.74
Cinema,C0325,Cinema_ADV_Campaign_325,advertising,"App_Login_Users,Weekend_Visitors","user_login_app,user_age_group,user_movie_genre_pref",45043,4286,9.52
Cinema,C0326,Cinema_JOU_Campaign_326,journey,"App_Login_Users,Action_Thriller_Lovers,Early_Bird_Ticket_Users","user_viewed_movie_details,user_location_hcmc",15215,695,4.57
Cinema,C0327,Cinema_PRO_Campaign_327,promotion,"Family_Movie_Fans,New_Users,Frequent_Cinema_Goers","user_ticket_booking_history,user_has_subscription",20806,3667,17.62
Cinema,C0328,Cinema_PRO_Campaign_328,promotion,"App_Login_Users,Movie_Pref_Drama","user_create_transaction,user_ticket_booking_history,user_app_session_duration,user_movie_genre_pref,user_has_subscription",53177,5433,10.22
Cinema,C0329,Cinema_PRO_Campaign_329,promotion,"Premium_Seat_Bookers,Early_Bird_Ticket_Users","user_movie_genre_pref,user_app_session_duration,user_completed_booking",13966,2311,16.55
Cinema,C0330,Cinema_NOT_Campaign_330,notification,"Family_Movie_Fans,Recent_Bookers,New_Users","user_ticket_booking_history,user_viewed_movie_details,user_movie_genre_pref,user_completed_booking",58963,10682,18.12
Cinema,C0331,Cinema_JOU_Campaign_331,journey,App_Login_Users,"user_completed_booking,user_create_transaction",82276,13405,16.29
Cinema,C0332,Cinema_ADV_Campaign_332,advertising,"Weekend_Visitors,Premium_Seat_Bookers","user_viewed_movie_details,user_watched_trailer,user_movie_genre_pref",16042,1176,7.33
Cinema,C0333,Cinema_ADV_Campaign_333,advertising,"Frequent_Cinema_Goers,Family_Movie_Fans,High_Value_Customers","user_last_login_days,user_total_spend,user_app_session_duration",29726,6423,21.61
Cinema,C0334,Cinema_JOU_Campaign_334,journey,"Family_Movie_Fans,Frequent_Cinema_Goers","user_location_hcmc,user_age_group,user_create_transaction",36599,8550,23.36
Cinema,C0335,Cinema_NOT_Campaign_335,notification,"Frequent_Cinema_Goers,Weekend_Visitors,Premium_Seat_Bookers","user_age_group,user_total_spend,user_app_session_duration",52895,9479,17.92
Cinema,C0336,Cinema_PRO_Campaign_336,promotion,"Premium_Seat_Bookers,App_Login_Users","user_total_spend,user_create_transaction",6807,604,8.87
Cinema,C0337,Cinema_PRO_Campaign_337,promotion,Frequent_Cinema_Goers,"user_last_login_days,user_watched_trailer,user_movie_genre_pref,user_app_session_duration,user_age_group",60518,12103,20.0
Cinema,C0338,Cinema_JOU_Campaign_338,journey,Family_Movie_Fans,"user_watched_trailer,user_create_transaction,user_app_session_duration",15357,2247,14.63
Cinema,C0339,Cinema_PRO_Campaign_339,promotion,Inactive_Users_Reactivation,"user_age_group,user_total_spend,user_movie_genre_pref,user_create_transaction",45654,7623,16.7
Cinema,C0340,Cinema_PRO_Campaign_340,promotion,Movie_Pref_Drama,"user_age_group,user_create_transaction",64424,10675,16.57
Cinema,C0341,Cinema_NOT_Campaign_341,notification,"Family_Movie_Fans,Action_Thriller_Lovers","user_create_transaction,user_login_app,user_completed_booking",96946,1340,1.38
Cinema,C0342,Cinema_PRO_Campaign_342,promotion,"Weekend_Visitors,Inactive_Users_Reactivation","user_completed_booking,user_has_subscription,user_app_session_duration,user_watched_trailer",20473,444,2.17
Cinema,C0343,Cinema_ADV_Campaign_343,advertising,"High_Value_Customers,Inactive_Users_Reactivation","user_watched_trailer,user_ticket_booking_history",80582,3330,4.13
Cinema,C0344,Cinema_JOU_Campaign_344,journey,"Inactive_Users_Reactivation,Weekend_Visitors","user_location_hcmc,user_total_spend",26873,3280,12.21
Cinema,C0345,Cinema_PRO_Campaign_345,promotion,"Premium_Seat_Bookers,App_Login_Users","user_viewed_movie_details,user_ticket_booking_history",71692,800,1.12
Cinema,C0346,Cinema_NOT_Campaign_346,notification,Movie_Pref_Drama,"user_location_hcmc,user_has_subscription",55197,3009,5.45
Cinema,C0347,Cinema_PRO_Campaign_347,promotion,Inactive_Users_Reactivation,"user_viewed_movie_details,user_has_subscription,user_app_session_duration,user_age_group,user_ticket_booking_history",40554,1681,4.15
Cinema,C0348,Cinema_ADV_Campaign_348,advertising,Inactive_Users_Reactivation,"user_completed_booking,user_viewed_movie_details",72603,2230,3.07
Cinema,C0349,Cinema_JOU_Campaign_349,journey,New_Users,"user_app_session_duration,user_watched_trailer,user_has_subscription,user_create_transaction",77494,15740,20.31
Cinema,C0350,Cinema_NOT_Campaign_350,notification,"Movie_Pref_Drama,High_Value_Customers","user_ticket_booking_history,user_total_spend,user_viewed_movie_details,user_location_hcmc",53270,10226,19.2
Cinema,C0351,Cinema_JOU_Campaign_351,journey,Action_Thriller_Lovers,"user_completed_booking,user_login_app,user_age_group",8133,558,6.86
Cinema,C0352,Cinema_ADV_Campaign_352,advertising,"Early_Bird_Ticket_Users,Action_Thriller_Lovers,Frequent_Cinema_Goers","user_login_app,user_movie_genre_pref,user_age_group,user_watched_trailer",18624,1866,10.02
Cinema,C0353,Cinema_PRO_Campaign_353,promotion,"New_Users,Frequent_Cinema_Goers","user_ticket_booking_history,user_watched_trailer,user_create_transaction",10754,1055,9.81
Cinema,C0354,Cinema_JOU_Campaign_354,journey,"Weekend_Visitors,New_Users,Action_Thriller_Lovers","user_total_spend,user_create_transaction",71247,5086,7.14
Cinema,C0355,Cinema_JOU_Campaign_355,journey,Trailer_Viewers,"user_age_group,user_movie_genre_pref",22132,2160,9.76
Cinema,C0356,Cinema_ADV_Campaign_356,advertising,"Early_Bird_Ticket_Users,Weekend_Visitors","user_ticket_booking_history,user_app_session_duration,user_has_subscription,user_movie_genre_pref,user_location_hcmc",40645,4233,10.41
Cinema,C0357,Cinema_NOT_Campaign_357,notification,Recent_Bookers,"user_completed_booking,user_create_transaction",26544,3947,14.87
Cinema,C0358,Cinema_JOU_Campaign_358,journey,"Subscription_Holders,App_Login_Users","user_app_session_duration,user_viewed_movie_details,user_location_hcmc,user_watched_trailer",65731,4998,7.6
Cinema,C0359,Cinema_NOT_Campaign_359,notification,Recent_Bookers,"user_ticket_booking_history,user_app_session_duration,user_total_spend,user_login_app",33183,7178,21.63
Cinema,C0360,Cinema_ADV_Campaign_360,advertising,App_Login_Users,"user_has_subscription,user_age_group,user_last_login_days",11416,1338,11.72
Cinema,C0361,Cinema_ADV_Campaign_361,advertising,Frequent_Cinema_Goers,"user_location_hcmc,user_last_login_days,user_ticket_booking_history,user_viewed_movie_details,user_create_transaction",65560,2324,3.54
Cinema,C0362,Cinema_PRO_Campaign_362,promotion,Frequent_Cinema_Goers,"user_app_session_duration,user_viewed_movie_details",22133,1844,8.33
Cinema,C0363,Cinema_JOU_Campaign_363,journey,"Family_Movie_Fans,Early_Bird_Ticket_Users","user_total_spend,user_app_session_duration",38924,1617,4.15
Cinema,C0364,Cinema_NOT_Campaign_364,notification,Movie_Pref_Drama,"user_app_session_duration,user_completed_booking,user_create_transaction,user_has_subscription,user_movie_genre_pref",10596,1993,18.81
Cinema,C0365,Cinema_NOT_Campaign_365,notification,Trailer_Viewers,"user_ticket_booking_history,user_age_group,user_location_hcmc,user_login_app,user_app_session_duration",94550,14925,15.79
Cinema,C0366,Cinema_PRO_Campaign_366,promotion,"Movie_Pref_Drama,Recent_Bookers","user_watched_trailer,user_location_hcmc,user_completed_booking,user_login_app",85492,21143,24.73
Cinema,C0367,Cinema_PRO_Campaign_367,promotion,"High_Value_Customers,New_Users,Subscription_Holders","user_login_app,user_create_transaction,user_watched_trailer,user_age_group,user_completed_booking",59949,3866,6.45
Cinema,C0368,Cinema_PRO_Campaign_368,promotion,"Premium_Seat_Bookers,Inactive_Users_Reactivation,Frequent_Cinema_Goers","user_app_session_duration,user_ticket_booking_history,user_has_subscription,user_location_hcmc,user_last_login_days",68527,11958,17.45
Cinema,C0369,Cinema_ADV_Campaign_369,advertising,"High_Value_Customers,Recent_Bookers","user_has_subscription,user_total_spend",33707,577,1.71
Cinema,C0370,Cinema_ADV_Campaign_370,advertising,Premium_Seat_Bookers,"user_last_login_days,user_has_subscription,user_total_spend,user_viewed_movie_details,user_completed_booking",18124,2211,12.2
Cinema,C0371,Cinema_PRO_Campaign_371,promotion,"Inactive_Users_Reactivation,Premium_Seat_Bookers","user_app_session_duration,user_viewed_movie_details",80457,13531,16.82
Cinema,C0372,Cinema_ADV_Campaign_372,advertising,Recent_Bookers,"user_total_spend,user_has_subscription,user_ticket_booking_history",82537,1749,2.12
Cinema,C0373,Cinema_ADV_Campaign_373,advertising,"Trailer_Viewers,Recent_Bookers,Early_Bird_Ticket_Users","user_app_session_duration,user_location_hcmc,user_last_login_days",45508,3331,7.32
Cinema,C0374,Cinema_JOU_Campaign_374,journey,App_Login_Users,"user_viewed_movie_details,user_total_spend",33679,499,1.48
Cinema,C0375,Cinema_JOU_Campaign_375,journey,Weekend_Visitors,"user_app_session_duration,user_completed_booking,user_has_subscription",98970,6804,6.87
Cinema,C0376,Cinema_ADV_Campaign_376,advertising,Frequent_Cinema_Goers,"user_total_spend,user_ticket_booking_history,user_completed_booking",19538,4506,23.06
Cinema,C0377,Cinema_ADV_Campaign_377,advertising,Weekend_Visitors,"user_total_spend,user_create_transaction,user_has_subscription,user_watched_trailer,user_movie_genre_pref",22884,1518,6.63
Cinema,C0378,Cinema_JOU_Campaign_378,journey,"New_Users,Family_Movie_Fans,Weekend_Visitors","user_ticket_booking_history,user_last_login_days,user_total_spend",51769,4174,8.06
Cinema,C0379,Cinema_PRO_Campaign_379,promotion,"High_Value_Customers,Action_Thriller_Lovers","user_completed_booking,user_app_session_duration,user_login_app,user_total_spend",56327,13192,23.42
Cinema,C0380,Cinema_NOT_Campaign_380,notification,Trailer_Viewers,"user_app_session_duration,user_total_spend,user_viewed_movie_details,user_ticket_booking_history",18645,4250,22.79
Cinema,C0381,Cinema_PRO_Campaign_381,promotion,"Action_Thriller_Lovers,App_Login_Users","user_has_subscription,user_app_session_duration,user_completed_booking",88386,3790,4.29
Cinema,C0382,Cinema_ADV_Campaign_382,advertising,"Frequent_Cinema_Goers,High_Value_Customers","user_viewed_movie_details,user_ticket_booking_history,user_create_transaction",50938,4714,9.25
Cinema,C0383,Cinema_NOT_Campaign_383,notification,"Frequent_Cinema_Goers,Early_Bird_Ticket_Users,Subscription_Holders","user_ticket_booking_history,user_age_group,user_completed_booking,user_app_session_duration,user_location_hcmc",54638,6300,11.53
Cinema,C0384,Cinema_JOU_Campaign_384,journey,Early_Bird_Ticket_Users,"user_app_session_duration,user_total_spend,user_movie_genre_pref,user_viewed_movie_details,user_completed_booking",64151,1848,2.88
Cinema,C0385,Cinema_NOT_Campaign_385,notification,"Frequent_Cinema_Goers,Weekend_Visitors","user_create_transaction,user_app_session_duration,user_has_subscription,user_completed_booking",54212,3178,5.86
Cinema,C0386,Cinema_NOT_Campaign_386,notification,"App_Login_Users,Weekend_Visitors,Trailer_Viewers","user_ticket_booking_history,user_login_app,user_age_group,user_completed_booking,user_movie_genre_pref",25591,693,2.71
Cinema,C0387,Cinema_NOT_Campaign_387,notification,"Movie_Pref_Drama,Early_Bird_Ticket_Users","user_ticket_booking_history,user_last_login_days,user_app_session_duration,user_watched_trailer,user_total_spend",43980,4330,9.85
Cinema,C0388,Cinema_NOT_Campaign_388,notification,Subscription_Holders,"user_completed_booking,user_login_app,user_has_subscription,user_ticket_booking_history,user_age_group",16485,1370,8.31
Cinema,C0389,Cinema_JOU_Campaign_389,journey,App_Login_Users,"user_viewed_movie_details,user_completed_booking",88648,10448,11.79
Cinema,C0390,Cinema_NOT_Campaign_390,notification,"Early_Bird_Ticket_Users,App_Login_Users","user_app_session_duration,user_age_group,user_location_hcmc,user_movie_genre_pref",91643,9599,10.47
Cinema,C0391,Cinema_NOT_Campaign_391,notification,"Inactive_Users_Reactivation,Subscription_Holders,Recent_Bookers","user_age_group,user_has_subscription,user_completed_booking,user_location_hcmc",10848,1186,10.93
Cinema,C0392,Cinema_JOU_Campaign_392,journey,"High_Value_Customers,Movie_Pref_Drama","user_total_spend,user_login_app,user_completed_booking,user_create_transaction",16233,2898,17.85
Cinema,C0393,Cinema_ADV_Campaign_393,advertising,"Subscription_Holders,Premium_Seat_Bookers,Trailer_Viewers","user_last_login_days,user_login_app,user_age_group",73495,14451,19.66
Cinema,C0394,Cinema_JOU_Campaign_394,journey,"Movie_Pref_Drama,New_Users,High_Value_Customers","user_age_group,user_ticket_booking_history",9551,2151,22.52
Cinema,C0395,Cinema_PRO_Campaign_395,promotion,Premium_Seat_Bookers,"user_completed_booking,user_app_session_duration,user_viewed_movie_details,user_movie_genre_pref,user_ticket_booking_history",10593,1839,17.36
Cinema,C0396,Cinema_NOT_Campaign_396,notification,"Subscription_Holders,Movie_Pref_Drama,Family_Movie_Fans","user_total_spend,user_watched_trailer,user_has_subscription",13783,493,3.58
Cinema,C0397,Cinema_JOU_Campaign_397,journey,"Subscription_Holders,Inactive_Users_Reactivation,Weekend_Visitors","user_last_login_days,user_location_hcmc,user_login_app,user_total_spend",82014,17943,21.88
Cinema,C0398,Cinema_JOU_Campaign_398,journey,Subscription_Holders,"user_completed_booking,user_total_spend,user_ticket_booking_history",81372,4096,5.03
Cinema,C0399,Cinema_NOT_Campaign_399,notification,"Premium_Seat_Bookers,App_Login_Users,High_Value_Customers","user_age_group,user_watched_trailer,user_app_session_duration,user_location_hcmc",79976,16299,20.38
Cinema,C0400,Cinema_NOT_Campaign_400,notification,High_Value_Customers,"user_completed_booking,user_total_spend,user_ticket_booking_history,user_age_group,user_login_app",56877,5999,10.55
Cinema,C0401,Cinema_PRO_Campaign_401,promotion,Action_Thriller_Lovers,"user_watched_trailer,user_has_subscription,user_login_app,user_ticket_booking_history,user_app_session_duration",45756,5050,11.04
Cinema,C0402,Cinema_JOU_Campaign_402,journey,"Family_Movie_Fans,App_Login_Users,Movie_Pref_Drama","user_watched_trailer,user_ticket_booking_history,user_location_hcmc",47056,4884,10.38
Cinema,C0403,Cinema_JOU_Campaign_403,journey,"Family_Movie_Fans,App_Login_Users,Movie_Pref_Drama","user_viewed_movie_details,user_age_group,user_location_hcmc,user_last_login_days,user_has_subscription",12367,2233,18.06
Cinema,C0404,Cinema_PRO_Campaign_404,promotion,High_Value_Customers,"user_completed_booking,user_last_login_days,user_total_spend,user_login_app,user_app_session_duration",30265,7471,24.69
Cinema,C0405,Cinema_PRO_Campaign_405,promotion,Movie_Pref_Drama,"user_location_hcmc,user_login_app",52235,12066,23.1
Cinema,C0406,Cinema_PRO_Campaign_406,promotion,"Weekend_Visitors,New_Users","user_movie_genre_pref,user_create_transaction,user_app_session_duration,user_login_app,user_viewed_movie_details",53819,8546,15.88
Cinema,C0407,Cinema_JOU_Campaign_407,journey,Early_Bird_Ticket_Users,"user_total_spend,user_last_login_days,user_has_subscription,user_movie_genre_pref,user_completed_booking",38903,1869,4.8
Cinema,C0408,Cinema_ADV_Campaign_408,advertising,Subscription_Holders,"user_completed_booking,user_total_spend",33091,7351,22.21
Cinema,C0409,Cinema_PRO_Campaign_409,promotion,"Movie_Pref_Drama,Family_Movie_Fans,Early_Bird_Ticket_Users","user_movie_genre_pref,user_age_group,user_last_login_days,user_login_app",94417,1235,1.31
Cinema,C0410,Cinema_JOU_Campaign_410,journey,Family_Movie_Fans,"user_total_spend,user_login_app,user_viewed_movie_details",38081,5384,14.14
Cinema,C0411,Cinema_ADV_Campaign_411,advertising,"Subscription_Holders,Weekend_Visitors","user_watched_trailer,user_viewed_movie_details,user_location_hcmc,user_app_session_duration,user_last_login_days",86737,13880,16.0
Cinema,C0412,Cinema_NOT_Campaign_412,notification,Inactive_Users_Reactivation,"user_last_login_days,user_movie_genre_pref,user_total_spend,user_ticket_booking_history",42051,5310,12.63
Cinema,C0413,Cinema_NOT_Campaign_413,notification,"App_Login_Users,Weekend_Visitors","user_movie_genre_pref,user_has_subscription,user_watched_trailer,user_app_session_duration",90998,22256,24.46
Cinema,C0414,Cinema_ADV_Campaign_414,advertising,Recent_Bookers,"user_login_app,user_total_spend,user_age_group",91577,11387,12.43
Cinema,C0415,Cinema_PRO_Campaign_415,promotion,"Frequent_Cinema_Goers,Family_Movie_Fans,New_Users","user_watched_trailer,user_age_group,user_ticket_booking_history,user_movie_genre_pref",9629,873,9.07
Cinema,C0416,Cinema_ADV_Campaign_416,advertising,"Action_Thriller_Lovers,Movie_Pref_Drama,Family_Movie_Fans","user_movie_genre_pref,user_has_subscription,user_last_login_days,user_watched_trailer,user_completed_booking",91194,19203,21.06
Cinema,C0417,Cinema_PRO_Campaign_417,promotion,"App_Login_Users,New_Users","user_ticket_booking_history,user_watched_trailer,user_last_login_days",28995,5857,20.2
Cinema,C0418,Cinema_ADV_Campaign_418,advertising,"App_Login_Users,Movie_Pref_Drama,Weekend_Visitors","user_ticket_booking_history,user_watched_trailer,user_age_group",48426,6573,13.57
Cinema,C0419,Cinema_ADV_Campaign_419,advertising,"High_Value_Customers,New_Users,App_Login_Users","user_login_app,user_movie_genre_pref,user_total_spend,user_ticket_booking_history,user_create_transaction",66894,15240,22.78
Cinema,C0420,Cinema_PRO_Campaign_420,promotion,"App_Login_Users,Family_Movie_Fans,Subscription_Holders","user_age_group,user_login_app,user_completed_booking,user_movie_genre_pref",31253,3119,9.98
Cinema,C0421,Cinema_JOU_Campaign_421,journey,"New_Users,Recent_Bookers,Weekend_Visitors","user_app_session_duration,user_create_transaction,user_location_hcmc",48598,10823,22.27
Cinema,C0422,Cinema_PRO_Campaign_422,promotion,"Family_Movie_Fans,Frequent_Cinema_Goers","user_location_hcmc,user_watched_trailer",32444,6559,20.22
Cinema,C0423,Cinema_PRO_Campaign_423,promotion,"Premium_Seat_Bookers,Recent_Bookers,New_Users","user_completed_booking,user_total_spend",61847,10997,17.78
Cinema,C0424,Cinema_JOU_Campaign_424,journey,"Subscription_Holders,New_Users","user_login_app,user_app_session_duration,user_last_login_days,user_viewed_movie_details,user_has_subscription",6845,727,10.62
Cinema,C0425,Cinema_PRO_Campaign_425,promotion,Family_Movie_Fans,"user_movie_genre_pref,user_ticket_booking_history",37613,4083,10.86
Cinema,C0426,Cinema_ADV_Campaign_426,advertising,"Recent_Bookers,App_Login_Users","user_last_login_days,user_total_spend,user_watched_trailer,user_completed_booking,user_create_transaction",10992,1330,12.1
Cinema,C0427,Cinema_ADV_Campaign_427,advertising,"Action_Thriller_Lovers,Inactive_Users_Reactivation","user_age_group,user_movie_genre_pref,user_completed_booking,user_has_subscription",69248,12463,18.0
Cinema,C0428,Cinema_PRO_Campaign_428,promotion,Premium_Seat_Bookers,"user_login_app,user_viewed_movie_details,user_ticket_booking_history,user_completed_booking,user_movie_genre_pref",7872,1285,16.32
Cinema,C0429,Cinema_PRO_Campaign_429,promotion,Weekend_Visitors,"user_age_group,user_movie_genre_pref",38526,9146,23.74
Cinema,C0430,Cinema_NOT_Campaign_430,notification,"Frequent_Cinema_Goers,Family_Movie_Fans,App_Login_Users","user_login_app,user_ticket_booking_history",20176,3615,17.92
Cinema,C0431,Cinema_JOU_Campaign_431,journey,"App_Login_Users,Inactive_Users_Reactivation","user_location_hcmc,user_ticket_booking_history,user_completed_booking,user_viewed_movie_details",96120,23431,24.38
Cinema,C0432,Cinema_NOT_Campaign_432,notification,"Subscription_Holders,Family_Movie_Fans","user_movie_genre_pref,user_last_login_days",40386,2650,6.56
Cinema,C0433,Cinema_JOU_Campaign_433,journey,Inactive_Users_Reactivation,"user_watched_trailer,user_create_transaction",18928,4266,22.54
Cinema,C0434,Cinema_PRO_Campaign_434,promotion,"Movie_Pref_Drama,Premium_Seat_Bookers,High_Value_Customers","user_has_subscription,user_ticket_booking_history,user_age_group",43712,3064,7.01
Cinema,C0435,Cinema_NOT_Campaign_435,notification,"New_Users,Movie_Pref_Drama,Action_Thriller_Lovers","user_has_subscription,user_viewed_movie_details,user_login_app,user_movie_genre_pref,user_create_transaction",19474,4241,21.78
Cinema,C0436,Cinema_PRO_Campaign_436,promotion,Premium_Seat_Bookers,"user_ticket_booking_history,user_app_session_duration",18276,2278,12.46
Cinema,C0437,Cinema_PRO_Campaign_437,promotion,"High_Value_Customers,Early_Bird_Ticket_Users","user_login_app,user_create_transaction,user_completed_booking,user_app_session_duration,user_watched_trailer",52214,11610,22.24
Cinema,C0438,Cinema_ADV_Campaign_438,advertising,"Action_Thriller_Lovers,App_Login_Users","user_app_session_duration,user_login_app",6267,345,5.51
Cinema,C0439,Cinema_PRO_Campaign_439,promotion,"Weekend_Visitors,New_Users","user_ticket_booking_history,user_create_transaction,user_has_subscription,user_movie_genre_pref",28969,1221,4.21
Cinema,C0440,Cinema_JOU_Campaign_440,journey,"New_Users,High_Value_Customers","user_ticket_booking_history,user_location_hcmc,user_age_group,user_completed_booking,user_create_transaction",22368,703,3.14
Cinema,C0441,Cinema_PRO_Campaign_441,promotion,Subscription_Holders,"user_app_session_duration,user_total_spend,user_movie_genre_pref,user_location_hcmc,user_completed_booking",85127,13294,15.62
Cinema,C0442,Cinema_ADV_Campaign_442,advertising,"Frequent_Cinema_Goers,Family_Movie_Fans,Action_Thriller_Lovers","user_location_hcmc,user_app_session_duration,user_create_transaction",58907,7809,13.26
Cinema,C0443,Cinema_NOT_Campaign_443,notification,High_Value_Customers,"user_login_app,user_ticket_booking_history,user_movie_genre_pref,user_last_login_days",80582,19319,23.97
Cinema,C0444,Cinema_PRO_Campaign_444,promotion,"Early_Bird_Ticket_Users,Weekend_Visitors,Inactive_Users_Reactivation","user_age_group,user_movie_genre_pref",37581,8270,22.01
Cinema,C0445,Cinema_ADV_Campaign_445,advertising,"Family_Movie_Fans,Early_Bird_Ticket_Users,Subscription_Holders","user_last_login_days,user_total_spend,user_login_app",6526,1382,21.18
Cinema,C0446,Cinema_PRO_Campaign_446,promotion,"Early_Bird_Ticket_Users,New_Users,Premium_Seat_Bookers","user_create_transaction,user_location_hcmc,user_has_subscription",36574,5786,15.82
Cinema,C0447,Cinema_ADV_Campaign_447,advertising,Inactive_Users_Reactivation,"user_last_login_days,user_movie_genre_pref,user_age_group",57858,13965,24.14
Cinema,C0448,Cinema_PRO_Campaign_448,promotion,New_Users,"user_app_session_duration,user_total_spend,user_location_hcmc,user_create_transaction,user_movie_genre_pref",63598,5813,9.14
Cinema,C0449,Cinema_NOT_Campaign_449,notification,"Action_Thriller_Lovers,Family_Movie_Fans","user_create_transaction,user_age_group",59046,1177,1.99
Cinema,C0450,Cinema_NOT_Campaign_450,notification,Premium_Seat_Bookers,"user_last_login_days,user_app_session_duration,user_viewed_movie_details,user_location_hcmc",49676,6449,12.98
Cinema,C0451,Cinema_NOT_Campaign_451,notification,Early_Bird_Ticket_Users,"user_has_subscription,user_last_login_days,user_total_spend,user_movie_genre_pref,user_location_hcmc",98933,22523,22.77
Cinema,C0452,Cinema_ADV_Campaign_452,advertising,"New_Users,App_Login_Users,Premium_Seat_Bookers","user_login_app,user_has_subscription,user_ticket_booking_history",88055,10447,11.86
Cinema,C0453,Cinema_ADV_Campaign_453,advertising,"App_Login_Users,Frequent_Cinema_Goers,Recent_Bookers","user_completed_booking,user_ticket_booking_history,user_age_group,user_create_transaction,user_watched_trailer",85065,7269,8.55
Cinema,C0454,Cinema_PRO_Campaign_454,promotion,Early_Bird_Ticket_Users,"user_viewed_movie_details,user_location_hcmc,user_app_session_duration,user_has_subscription,user_create_transaction",59325,1354,2.28
Cinema,C0455,Cinema_NOT_Campaign_455,notification,"New_Users,Family_Movie_Fans","user_location_hcmc,user_login_app,user_last_login_days",11366,2379,20.93
Cinema,C0456,Cinema_JOU_Campaign_456,journey,"New_Users,Inactive_Users_Reactivation,Recent_Bookers","user_ticket_booking_history,user_completed_booking,user_create_transaction",55778,11329,20.31
Cinema,C0457,Cinema_ADV_Campaign_457,advertising,"Subscription_Holders,Early_Bird_Ticket_Users,Trailer_Viewers","user_watched_trailer,user_age_group,user_has_subscription",43557,7854,18.03
Cinema,C0458,Cinema_PRO_Campaign_458,promotion,Subscription_Holders,"user_ticket_booking_history,user_last_login_days,user_has_subscription,user_app_session_duration",87913,8000,9.1
Cinema,C0459,Cinema_PRO_Campaign_459,promotion,Trailer_Viewers,"user_movie_genre_pref,user_has_subscription,user_app_session_duration,user_completed_booking",98113,22283,22.71
Cinema,C0460,Cinema_PRO_Campaign_460,promotion,"Inactive_Users_Reactivation,Action_Thriller_Lovers,Family_Movie_Fans","user_ticket_booking_history,user_create_transaction,user_has_subscription,user_last_login_days",67963,10227,15.05
Cinema,C0461,Cinema_JOU_Campaign_461,journey,"Action_Thriller_Lovers,Inactive_Users_Reactivation,High_Value_Customers","user_app_session_duration,user_login_app,user_last_login_days,user_create_transaction,user_ticket_booking_history",54921,2930,5.33
Cinema,C0462,Cinema_NOT_Campaign_462,notification,"Frequent_Cinema_Goers,Movie_Pref_Drama,High_Value_Customers","user_watched_trailer,user_movie_genre_pref,user_app_session_duration",24192,749,3.1
Cinema,C0463,Cinema_ADV_Campaign_463,advertising,Premium_Seat_Bookers,"user_has_subscription,user_location_hcmc",18432,2021,10.96
Cinema,C0464,Cinema_JOU_Campaign_464,journey,Inactive_Users_Reactivation,"user_ticket_booking_history,user_movie_genre_pref,user_login_app,user_age_group",55797,7382,13.23
Cinema,C0465,Cinema_ADV_Campaign_465,advertising,"Frequent_Cinema_Goers,Early_Bird_Ticket_Users,Action_Thriller_Lovers","user_viewed_movie_details,user_total_spend,user_location_hcmc,user_app_session_duration",88071,12930,14.68
Cinema,C0466,Cinema_PRO_Campaign_466,promotion,"Movie_Pref_Drama,High_Value_Customers,New_Users","user_movie_genre_pref,user_create_transaction,user_completed_booking",27779,6298,22.67
Cinema,C0467,Cinema_NOT_Campaign_467,notification,"Frequent_Cinema_Goers,Subscription_Holders","user_last_login_days,user_watched_trailer,user_completed_booking,user_movie_genre_pref",81544,9171,11.25
Cinema,C0468,Cinema_NOT_Campaign_468,notification,"New_Users,Action_Thriller_Lovers","user_login_app,user_completed_booking,user_has_subscription",83234,2498,3.0
Cinema,C0469,Cinema_ADV_Campaign_469,advertising,"Premium_Seat_Bookers,Trailer_Viewers","user_create_transaction,user_ticket_booking_history,user_has_subscription,user_last_login_days",33830,8177,24.17
Cinema,C0470,Cinema_PRO_Campaign_470,promotion,"App_Login_Users,Premium_Seat_Bookers,Inactive_Users_Reactivation","user_age_group,user_last_login_days,user_ticket_booking_history",57876,2084,3.6
Cinema,C0471,Cinema_ADV_Campaign_471,advertising,Movie_Pref_Drama,"user_has_subscription,user_app_session_duration,user_watched_trailer,user_viewed_movie_details",86039,18243,21.2
Cinema,C0472,Cinema_JOU_Campaign_472,journey,"Early_Bird_Ticket_Users,Premium_Seat_Bookers,Family_Movie_Fans","user_create_transaction,user_movie_genre_pref",50351,7804,15.5
Cinema,C0473,Cinema_PRO_Campaign_473,promotion,"Trailer_Viewers,Early_Bird_Ticket_Users,Movie_Pref_Drama","user_movie_genre_pref,user_has_subscription",54987,13594,24.72
Cinema,C0474,Cinema_NOT_Campaign_474,notification,"High_Value_Customers,Inactive_Users_Reactivation","user_login_app,user_last_login_days,user_has_subscription,user_ticket_booking_history",71680,15316,21.37
Cinema,C0475,Cinema_JOU_Campaign_475,journey,High_Value_Customers,"user_has_subscription,user_last_login_days,user_create_transaction",17577,1546,8.8
Cinema,C0476,Cinema_NOT_Campaign_476,notification,"App_Login_Users,Movie_Pref_Drama,Family_Movie_Fans","user_movie_genre_pref,user_age_group,user_create_transaction",31945,4724,14.79
Cinema,C0477,Cinema_JOU_Campaign_477,journey,"Early_Bird_Ticket_Users,App_Login_Users,Action_Thriller_Lovers","user_login_app,user_location_hcmc,user_has_subscription",9965,457,4.59
Cinema,C0478,Cinema_NOT_Campaign_478,notification,Recent_Bookers,"user_last_login_days,user_create_transaction,user_total_spend,user_viewed_movie_details",38901,7067,18.17
Cinema,C0479,Cinema_JOU_Campaign_479,journey,"Family_Movie_Fans,Subscription_Holders","user_has_subscription,user_login_app,user_age_group,user_create_transaction,user_last_login_days",5773,1370,23.73
Cinema,C0480,Cinema_NOT_Campaign_480,notification,"Trailer_Viewers,Frequent_Cinema_Goers,Action_Thriller_Lovers","user_has_subscription,user_last_login_days",18911,2563,13.55
Cinema,C0481,Cinema_ADV_Campaign_481,advertising,"App_Login_Users,High_Value_Customers,New_Users","user_age_group,user_movie_genre_pref,user_login_app,user_location_hcmc,user_completed_booking",74922,7953,10.62
Cinema,C0482,Cinema_PRO_Campaign_482,promotion,"Subscription_Holders,Premium_Seat_Bookers,Inactive_Users_Reactivation","user_movie_genre_pref,user_completed_booking,user_watched_trailer,user_has_subscription",6461,1197,18.53
Cinema,C0483,Cinema_PRO_Campaign_483,promotion,Frequent_Cinema_Goers,"user_total_spend,user_app_session_duration",56653,9366,16.53
Cinema,C0484,Cinema_NOT_Campaign_484,notification,"Movie_Pref_Drama,Action_Thriller_Lovers","user_viewed_movie_details,user_age_group,user_movie_genre_pref,user_last_login_days",23671,1554,6.56
Cinema,C0485,Cinema_PRO_Campaign_485,promotion,Trailer_Viewers,"user_viewed_movie_details,user_create_transaction,user_completed_booking,user_total_spend",12128,2369,19.53
Cinema,C0486,Cinema_JOU_Campaign_486,journey,"Inactive_Users_Reactivation,App_Login_Users,High_Value_Customers","user_watched_trailer,user_create_transaction",30875,6252,20.25
Cinema,C0487,Cinema_JOU_Campaign_487,journey,"Weekend_Visitors,Recent_Bookers","user_create_transaction,user_watched_trailer,user_total_spend",14149,933,6.59
Cinema,C0488,Cinema_ADV_Campaign_488,advertising,"New_Users,Weekend_Visitors","user_ticket_booking_history,user_total_spend,user_completed_booking,user_app_session_duration",79299,12735,16.06
Cinema,C0489,Cinema_ADV_Campaign_489,advertising,"Recent_Bookers,Frequent_Cinema_Goers","user_viewed_movie_details,user_app_session_duration,user_movie_genre_pref,user_age_group",41264,6301,15.27
Cinema,C0490,Cinema_PRO_Campaign_490,promotion,"Action_Thriller_Lovers,Weekend_Visitors,New_Users","user_location_hcmc,user_has_subscription,user_watched_trailer,user_app_session_duration,user_last_login_days",19264,1631,8.47
Cinema,C0491,Cinema_NOT_Campaign_491,notification,"Early_Bird_Ticket_Users,Recent_Bookers","user_watched_trailer,user_ticket_booking_history,user_movie_genre_pref",15022,3129,20.83
Cinema,C0492,Cinema_NOT_Campaign_492,notification,Early_Bird_Ticket_Users,"user_total_spend,user_app_session_duration",58101,13183,22.69
Cinema,C0493,Cinema_PRO_Campaign_493,promotion,Inactive_Users_Reactivation,"user_last_login_days,user_app_session_duration,user_location_hcmc,user_completed_booking",52948,6959,13.14
Cinema,C0494,Cinema_PRO_Campaign_494,promotion,"Action_Thriller_Lovers,High_Value_Customers,Recent_Bookers","user_last_login_days,user_app_session_duration,user_create_transaction,user_age_group,user_has_subscription",70820,1055,1.49
Cinema,C0495,Cinema_PRO_Campaign_495,promotion,"Family_Movie_Fans,Recent_Bookers,Inactive_Users_Reactivation","user_location_hcmc,user_completed_booking,user_ticket_booking_history",79233,19332,24.4
Cinema,C0496,Cinema_PRO_Campaign_496,promotion,"Action_Thriller_Lovers,New_Users,Weekend_Visitors","user_viewed_movie_details,user_location_hcmc",35375,1382,3.91
Cinema,C0497,Cinema_ADV_Campaign_497,advertising,"Movie_Pref_Drama,Frequent_Cinema_Goers","user_last_login_days,user_has_subscription,user_age_group",66561,15703,23.59
Cinema,C0498,Cinema_JOU_Campaign_498,journey,Frequent_Cinema_Goers,"user_create_transaction,user_ticket_booking_history,user_last_login_days,user_watched_trailer",39513,9875,24.99
Cinema,C0499,Cinema_PRO_Campaign_499,promotion,"Family_Movie_Fans,Subscription_Holders","user_total_spend,user_movie_genre_pref,user_create_transaction,user_last_login_days",37975,6544,17.23
Cinema,C0500,Cinema_PRO_Campaign_500,promotion,"Subscription_Holders,Weekend_Visitors,Premium_Seat_Bookers","user_app_session_duration,user_location_hcmc,user_total_spend,user_login_app,user_last_login_days",23214,3835,16.52